ZIPN,ZIPA,RUCA2,ZIPTYP,PARZIP,LINF1,LINF4,TTIM1A,TTIM4A,FASTA,TDIS1A,TDIS4A,SHORTA,TTIM1B,TTIM4B,FASTB,TDIS1B,TDIS4B,SHORTB,UP1SZ,UP2SZ,FIPSST,STATE,MST,UUSZ,UTYP,POPCAT5
53001,53001,3,1,53001,2,2,1,1,2,1,1,2,1,1,2,1,1,2,-9,-9,55,WI,,-9,-9,5
53002,53002,3,1,53002,2,2,1,1,1,1,1,1,1,1,1,1,1,1,-9,-9,55,WI,,-9,-9,5
53003,53003,1,2,53066,-1,-1,0,-1,1,0,-1,1,0,-1,1,0,-1,1,-9,-9,55,WI,,-9,-9,1
53004,53004,2,1,53004,2,2,1,2,1,1,1,1,1,2,1,1,1,1,-9,-9,55,WI,,-9,-9,5
53005,53005,1,1,53005,-1,-1,0,-1,1,0,-1,1,0,-1,1,0,-1,1,-9,-9,55,WI,,-9,-9,5
53006,53006,10.4,1,53006,2,2,1,1,2,1,1,2,1,1,2,1,1,2,-9,-9,55,WI,,-9,-9,5
53007,53007,1,1,53007,-1,-1,0,-1,1,0,-1,1,0,-1,1,0,-1,1,-9,-9,55,WI,,-9,-9,5
53008,53008,1,2,53045,-1,-1,0,-1,1,0,-1,1,0,-1,1,0,-1,1,-9,-9,55,WI,,-9,-9,1
53010,53010,10.5,1,53010,2,2,1,1,2,1,1,2,1,1,2,1,1,2,-9,-9,55,WI,,-9,-9,5
53011,53011,2,1,53011,2,2,1,2,1,1,1,1,1,2,1,1,1,1,-9,-9,55,WI,,-9,-9,5
53012,53012,1,1,53012,-1,-1,0,-1,1,0,-1,1,0,-1,1,0,-1,1,-9,-9,55,WI,,-9,-9,5
53013,53013,2,1,53013,2,2,1,2,1,1,1,1,1,2,1,1,1,1,-9,-9,55,WI,,-9,-9,5
53014,53014,7,1,53014,2,2,1,2,1,1,1,1,1,2,1,1,1,1,-9,-9,55,WI,,-9,-9,5
53015,53015,2,1,53015,2,2,1,2,1,1,2,1,1,2,1,1,2,1,-9,-9,55,WI,,-9,-9,5
53016,53016,10.5,2,53039,2,2,2,1,2,1,1,2,2,1,2,1,1,2,-9,-9,55,WI,,-9,-9,1
53017,53017,2,1,53017,2,2,1,1,1,1,1,1,1,1,1,1,1,1,-9,-9,55,WI,,-9,-9,5
53018,53018,1,1,53018,-1,-1,0,-1,1,0,-1,1,0,-1,1,0,-1,1,-9,-9,55,WI,,-9,-9,5
53019,53019,2,1,53019,2,2,1,1,1,1,1,1,1,1,1,1,1,1,-9,-9,55,WI,,-9,-9,5
53020,53020,2,1,53020,2,2,1,3,1,1,2,1,1,3,1,1,2,1,-9,-9,55,WI,,-9,-9,5
53021,53021,2,1,53021,2,2,1,1,1,1,1,1,1,1,1,1,1,1,-9,-9,55,WI,,-9,-9,5
53022,53022,1,1,53022,-1,-1,0,-1,1,0,-1,1,0,-1,1,0,-1,1,-9,-9,55,WI,,-9,-9,5
53023,53023,9.1,1,53023,2,2,1,3,1,1,2,1,1,3,1,1,2,1,-9,-9,55,WI,,-9,-9,5
53024,53024,1,1,53024,-1,-1,0,-1,1,0,-1,1,0,-1,1,0,-1,1,-9,-9,55,WI,,-9,-9,5
53026,53026,9.1,2,53023,2,2,1,3,1,1,2,1,1,3,1,1,2,1,-9,-9,55,WI,,-9,-9,1
53027,53027,2,1,53027,2,2,1,1,2,1,1,1,1,1,2,1,1,1,-9,-9,55,WI,,-9,-9,5
53029,53029,1,1,53029,-1,-1,0,-1,1,0,-1,1,0,-1,1,0,-1,1,-9,-9,55,WI,,-9,-9,5
53031,53031,1,2,53085,-1,-1,0,-1,1,0,-1,1,0,-1,1,0,-1,1,-9,-9,55,WI,,-9,-9,1
53032,53032,7,1,53032,2,2,2,1,2,2,1,2,2,1,2,2,1,2,-9,-9,55,WI,,-9,-9,5
53033,53033,2,1,53033,2,2,1,1,1,1,1,1,1,1,1,1,1,1,-9,-9,55,WI,,-9,-9,5
53034,53034,2,1,53034,2,2,2,1,2,1,1,2,2,1,2,1,1,2,-9,-9,55,WI,,-9,-9,4
53035,53035,3,1,53035,2,2,2,1,2,1,1,2,2,1,2,1,1,2,-9,-9,55,WI,,-9,-9,5
53036,53036,2,1,53036,2,2,1,1,1,1,1,1,1,1,1,1,1,1,-9,-9,55,WI,,-9,-9,5
53037,53037,2,1,53037,2,2,1,1,2,1,1,2,1,1,2,1,1,2,-9,-9,55,WI,,-9,-9,5
53038,53038,3,1,53038,2,2,1,1,2,1,1,2,1,1,2,1,1,2,-9,-9,55,WI,,-9,-9,5
53039,53039,10.5,1,53039,2,2,2,1,2,1,1,2,2,1,2,1,1,2,-9,-9,55,WI,,-9,-9,5
53040,53040,6.1,1,53040,2,2,1,1,2,1,1,2,1,1,2,1,1,2,-9,-9,55,WI,,-9,-9,5
53042,53042,7.3,1,53042,2,2,1,2,1,1,1,1,1,2,1,1,1,1,-9,-9,55,WI,,-9,-9,5
53044,53044,1,1,53044,-1,-1,0,-1,1,0,-1,1,0,-1,1,0,-1,1,-9,-9,55,WI,,-9,-9,5
53045,53045,1,1,53045,-1,-1,0,-1,1,0,-1,1,0,-1,1,0,-1,1,-9,-9,55,WI,,-9,-9,5
53046,53046,1,1,53046,-1,-1,0,-1,1,0,-1,1,0,-1,1,0,-1,1,-9,-9,55,WI,,-9,-9,4
53047,53047,4.2,2,53094,2,-1,1,0,2,1,0,2,1,0,2,1,0,2,-9,-9,55,WI,,-9,-9,1
53048,53048,10.4,1,53048,2,2,1,1,1,1,1,1,1,1,1,1,1,1,-9,-9,55,WI,,-9,-9,5
53049,53049,2,1,53049,2,2,1,2,1,1,2,1,1,2,1,1,2,1,-9,-9,55,WI,,-9,-9,5
53050,53050,7,1,53050,2,2,2,1,2,1,1,2,2,1,2,1,1,2,-9,-9,55,WI,,-9,-9,5
53051,53051,1,1,53051,-1,-1,0,-1,1,0,-1,1,0,-1,1,0,-1,1,-9,-9,55,WI,,-9,-9,5
53052,53052,1,2,53051,-1,-1,0,-1,1,0,-1,1,0,-1,1,0,-1,1,-9,-9,55,WI,,-9,-9,1
53056,53056,1,2,53029,-1,-1,0,-1,1,0,-1,1,0,-1,1,0,-1,1,-9,-9,55,WI,,-9,-9,1
53057,53057,2,1,53057,2,2,1,2,1,1,2,1,1,2,1,1,2,1,-9,-9,55,WI,,-9,-9,5
53058,53058,1,1,53058,-1,-1,0,-1,1,0,-1,1,0,-1,1,0,-1,1,-9,-9,55,WI,,-9,-9,5
53059,53059,2,1,53059,2,2,1,1,1,1,1,1,1,1,1,1,1,1,-9,-9,55,WI,,-9,-9,5
53060,53060,4.1,2,53095,2,-1,1,0,2,1,0,2,1,0,2,1,0,2,-9,-9,55,WI,,-9,-9,1
53061,53061,7.3,1,53061,2,2,1,2,1,1,2,1,1,2,1,1,2,1,-9,-9,55,WI,,-9,-9,5
53062,53062,7.3,2,53061,2,2,1,2,1,1,2,1,1,2,1,1,2,1,-9,-9,55,WI,,-9,-9,1
53063,53063,2,1,53063,2,2,1,1,2,1,1,2,1,1,2,1,1,2,-9,-9,55,WI,,-9,-9,5
53064,53064,1,2,53029,-1,-1,0,-1,1,0,-1,1,0,-1,1,0,-1,1,-9,-9,55,WI,,-9,-9,1
53065,53065,2,1,53065,2,2,1,1,1,1,1,1,1,1,1,1,1,1,-9,-9,55,WI,,-9,-9,5
53066,53066,1,1,53066,-1,-1,0,-1,1,0,-1,1,0,-1,1,0,-1,1,-9,-9,55,WI,,-9,-9,5
53069,53069,1,1,53069,-1,-1,0,-1,1,0,-1,1,0,-1,1,0,-1,1,-9,-9,55,WI,,-9,-9,4
53070,53070,2,1,53070,2,2,1,2,1,1,2,1,1,2,1,1,2,1,-9,-9,55,WI,,-9,-9,5
53072,53072,1,1,53072,-1,-1,0,-1,1,0,-1,1,0,-1,1,0,-1,1,-9,-9,55,WI,,-9,-9,5
53073,53073,7.1,1,53073,2,2,1,2,1,1,2,1,1,2,1,1,2,1,-9,-9,55,WI,,-9,-9,5
53074,53074,2,1,53074,2,2,1,1,1,1,1,1,1,1,1,1,1,1,-9,-9,55,WI,,-9,-9,5
53075,53075,2,1,53075,2,2,1,1,2,1,1,2,1,1,2,1,1,2,-9,-9,55,WI,,-9,-9,5
53076,53076,2,1,53076,2,2,1,1,1,1,1,1,1,1,1,1,1,1,-9,-9,55,WI,,-9,-9,5
53078,53078,2,1,53078,2,2,2,2,1,1,1,1,2,2,1,1,1,1,-9,-9,55,WI,,-9,-9,5
53079,53079,2,1,53079,2,2,1,3,1,1,2,1,1,3,1,1,2,1,-9,-9,55,WI,,-9,-9,5
53080,53080,1,1,53080,-1,-1,0,-1,1,0,-1,1,0,-1,1,0,-1,1,-9,-9,55,WI,,-9,-9,5
53081,53081,1,1,53081,-1,-1,0,-1,1,0,-1,1,0,-1,1,0,-1,1,-9,-9,55,WI,,-9,-9,5
53082,53082,1,2,53081,-1,-1,0,-1,1,0,-1,1,0,-1,1,0,-1,1,-9,-9,55,WI,,-9,-9,1
53083,53083,1,1,53083,-1,-1,0,-1,1,0,-1,1,0,-1,1,0,-1,1,-9,-9,55,WI,,-9,-9,5
53085,53085,1,1,53085,-1,-1,0,-1,1,0,-1,1,0,-1,1,0,-1,1,-9,-9,55,WI,,-9,-9,5
53086,53086,2,1,53086,2,2,1,1,2,1,1,2,1,1,2,1,1,2,-9,-9,55,WI,,-9,-9,5
53088,53088,7,2,53014,2,2,1,2,1,1,1,1,1,2,1,1,1,1,-9,-9,55,WI,,-9,-9,1
53089,53089,1,1,53089,-1,-1,0,-1,1,0,-1,1,0,-1,1,0,-1,1,-9,-9,55,WI,,-9,-9,5
53090,53090,4.1,1,53090,2,-1,1,0,2,1,0,2,1,0,2,1,0,2,-9,-9,55,WI,,-9,-9,5
53091,53091,10.4,1,53091,2,2,1,1,1,1,1,2,1,1,1,1,1,2,-9,-9,55,WI,,-9,-9,5
53092,53092,1,1,53092,-1,-1,0,-1,1,0,-1,1,0,-1,1,0,-1,1,-9,-9,55,WI,,-9,-9,5
53093,53093,2,1,53093,2,2,1,2,1,1,1,1,1,2,1,1,1,1,-9,-9,55,WI,,-9,-9,5
53094,53094,4.2,1,53094,2,-1,1,0,2,1,0,2,1,0,2,1,0,2,-9,-9,55,WI,,-9,-9,5
53095,53095,4.1,1,53095,2,-1,1,0,2,1,0,2,1,0,2,1,0,2,-9,-9,55,WI,,-9,-9,5
53097,53097,1,1,53097,-1,-1,0,-1,1,0,-1,1,0,-1,1,0,-1,1,-9,-9,55,WI,,-9,-9,5
53098,53098,4.2,1,53098,2,-1,1,0,2,1,0,2,1,0,2,1,0,2,-9,-9,55,WI,,-9,-9,5
53099,53099,3,2,53035,2,2,2,1,2,1,1,2,2,1,2,1,1,2,-9,-9,55,WI,,-9,-9,1
53101,53101,4.2,2,53128,2,-1,2,0,2,1,0,2,2,0,2,1,0,2,-9,-9,55,WI,,-9,-9,1
53102,53102,2,2,53104,2,2,1,2,1,1,1,1,1,2,1,1,1,1,-9,-9,55,WI,,-9,-9,1
53103,53103,1,1,53103,-1,-1,0,-1,1,0,-1,1,0,-1,1,0,-1,1,-9,-9,55,WI,,-9,-9,5
53104,53104,2,1,53104,2,2,1,2,1,1,1,1,1,2,1,1,1,1,-9,-9,55,WI,,-9,-9,5
53105,53105,4.2,1,53105,2,-1,1,0,2,1,0,2,1,0,2,1,0,2,-9,-9,55,WI,,-9,-9,5
53108,53108,2.1,1,53108,2,2,1,2,1,1,1,1,1,2,1,1,1,1,-9,-9,55,WI,,-9,-9,5
53109,53109,2,2,53168,2,2,1,1,1,1,1,1,1,1,1,1,1,1,-9,-9,55,WI,,-9,-9,1
53110,53110,1,1,53110,-1,-1,0,-1,1,0,-1,1,0,-1,1,0,-1,1,-9,-9,55,WI,,-9,-9,5
53114,53114,4,1,53114,2,-1,1,0,2,1,0,2,1,0,2,1,0,2,-9,-9,55,WI,,-9,-9,5
53115,53115,4,1,53115,2,-1,1,0,2,1,0,2,1,0,2,1,0,2,-9,-9,55,WI,,-9,-9,5
53118,53118,1,1,53118,-1,-1,0,-1,1,0,-1,1,0,-1,1,0,-1,1,-9,-9,55,WI,,-9,-9,5
53119,53119,2,1,53119,2,2,1,1,1,1,1,1,1,1,1,1,1,1,-9,-9,55,WI,,-9,-9,5
53120,53120,2,1,53120,2,2,1,1,1,1,1,1,1,1,1,1,1,1,-9,-9,55,WI,,-9,-9,5
53121,53121,7,1,53121,2,2,2,1,2,1,1,2,2,1,2,1,1,2,-9,-9,55,WI,,-9,-9,5
53122,53122,1,1,53122,-1,-1,0,-1,1,0,-1,1,0,-1,1,0,-1,1,-9,-9,55,WI,,-9,-9,5
53125,53125,9.1,1,53125,2,2,1,1,2,1,1,2,1,1,2,1,1,2,-9,-9,55,WI,,-9,-9,5
53126,53126,2,1,53126,2,2,1,2,1,1,1,1,1,2,1,1,1,1,-9,-9,55,WI,,-9,-9,5
53127,53127,1,2,53189,-1,-1,0,-1,1,0,-1,1,0,-1,1,0,-1,1,-9,-9,55,WI,,-9,-9,1
53128,53128,4.2,1,53128,2,-1,2,0,2,1,0,2,2,0,2,1,0,2,-9,-9,55,WI,,-9,-9,5
53129,53129,1,1,53129,-1,-1,0,-1,1,0,-1,1,0,-1,1,0,-1,1,-9,-9,55,WI,,-9,-9,5
53130,53130,1,1,53130,-1,-1,0,-1,1,0,-1,1,0,-1,1,0,-1,1,-9,-9,55,WI,,-9,-9,5
53132,53132,1,1,53132,-1,-1,0,-1,1,0,-1,1,0,-1,1,0,-1,1,-9,-9,55,WI,,-9,-9,5
53137,53137,5.2,1,53137,2,2,1,1,2,1,1,2,1,1,2,1,1,2,-9,-9,55,WI,,-9,-9,5
53138,53138,4.2,2,53105,2,-1,1,0,2,1,0,2,1,0,2,1,0,2,-9,-9,55,WI,,-9,-9,1
53139,53139,9.1,1,53139,2,2,1,1,2,1,1,2,1,1,2,1,1,2,-9,-9,55,WI,,-9,-9,5
53140,53140,1,1,53140,-1,-1,0,-1,1,0,-1,1,0,-1,1,0,-1,1,-9,-9,55,WI,,-9,-9,5
53141,53141,1,2,53140,-1,-1,0,-1,1,0,-1,1,0,-1,1,0,-1,1,-9,-9,55,WI,,-9,-9,1
53142,53142,1,1,53142,-1,-1,0,-1,1,0,-1,1,0,-1,1,0,-1,1,-9,-9,55,WI,,-9,-9,5
53143,53143,1,1,53143,-1,-1,0,-1,1,0,-1,1,0,-1,1,0,-1,1,-9,-9,55,WI,,-9,-9,5
53144,53144,1,1,53144,-1,-1,0,-1,1,0,-1,1,0,-1,1,0,-1,1,-9,-9,55,WI,,-9,-9,5
53146,53146,1,1,53146,-1,-1,0,-1,1,0,-1,1,0,-1,1,0,-1,1,-9,-9,55,WI,,-9,-9,5
53147,53147,4.2,1,53147,2,-1,2,0,2,1,0,2,2,0,2,1,0,2,-9,-9,55,WI,,-9,-9,5
53148,53148,4.2,2,53105,2,-1,1,0,2,1,0,2,1,0,2,1,0,2,-9,-9,55,WI,,-9,-9,1
53149,53149,2,1,53149,2,2,1,1,1,1,1,1,1,1,1,1,1,1,-9,-9,55,WI,,-9,-9,5
53150,53150,1,1,53150,-1,-1,0,-1,1,0,-1,1,0,-1,1,0,-1,1,-9,-9,55,WI,,-9,-9,5
53151,53151,1,1,53151,-1,-1,0,-1,1,0,-1,1,0,-1,1,0,-1,1,-9,-9,55,WI,,-9,-9,5
53152,53152,4.2,2,53105,2,-1,1,0,2,1,0,2,1,0,2,1,0,2,-9,-9,55,WI,,-9,-9,1
53153,53153,1,1,53153,-1,-1,0,-1,1,0,-1,1,0,-1,1,0,-1,1,-9,-9,55,WI,,-9,-9,5
53154,53154,1,1,53154,-1,-1,0,-1,1,0,-1,1,0,-1,1,0,-1,1,-9,-9,55,WI,,-9,-9,5
53156,53156,2,1,53156,2,2,1,1,2,1,1,2,1,1,2,1,1,2,-9,-9,55,WI,,-9,-9,5
53157,53157,4.2,2,53128,2,-1,2,0,2,1,0,2,2,0,2,1,0,2,-9,-9,55,WI,,-9,-9,1
53158,53158,1,1,53158,-1,-1,0,-1,1,0,-1,1,0,-1,1,0,-1,1,-9,-9,55,WI,,-9,-9,5
53159,53159,4.2,2,53128,2,-1,2,0,2,1,0,2,2,0,2,1,0,2,-9,-9,55,WI,,-9,-9,1
53167,53167,2,2,53185,2,2,1,1,1,1,1,1,1,1,1,1,1,1,-9,-9,55,WI,,-9,-9,1
53168,53168,2,1,53168,2,2,1,1,1,1,1,1,1,1,1,1,1,1,-9,-9,55,WI,,-9,-9,5
53170,53170,2,1,53170,2,2,1,1,2,1,1,2,1,1,2,1,1,2,-9,-9,55,WI,,-9,-9,5
53171,53171,1,2,53144,-1,-1,0,-1,1,0,-1,1,0,-1,1,0,-1,1,-9,-9,55,WI,,-9,-9,1
53172,53172,1,1,53172,-1,-1,0,-1,1,0,-1,1,0,-1,1,0,-1,1,-9,-9,55,WI,,-9,-9,5
53176,53176,7,2,53121,2,2,2,1,2,1,1,2,2,1,2,1,1,2,-9,-9,55,WI,,-9,-9,1
53177,53177,1,1,53177,-1,-1,0,-1,1,0,-1,1,0,-1,1,0,-1,1,-9,-9,55,WI,,-9,-9,5
53178,53178,2,1,53178,2,2,1,1,2,1,1,1,1,1,2,1,1,1,-9,-9,55,WI,,-9,-9,5
53179,53179,2,1,53179,2,2,1,1,2,1,1,2,1,1,2,1,1,2,-9,-9,55,WI,,-9,-9,5
53181,53181,2,1,53181,2,2,2,1,2,1,1,2,2,1,2,1,1,2,-9,-9,55,WI,,-9,-9,5
53182,53182,9.1,1,53182,2,2,1,1,1,1,1,1,1,1,1,1,1,1,-9,-9,55,WI,,-9,-9,5
53183,53183,1,1,53183,-1,-1,0,-1,1,0,-1,1,0,-1,1,0,-1,1,-9,-9,55,WI,,-9,-9,5
53184,53184,9.1,1,53184,2,2,1,1,2,1,1,2,1,1,2,1,1,2,-9,-9,55,WI,,-9,-9,5
53185,53185,2,1,53185,2,2,1,1,1,1,1,1,1,1,1,1,1,1,-9,-9,55,WI,,-9,-9,5
53186,53186,1,1,53186,-1,-1,0,-1,1,0,-1,1,0,-1,1,0,-1,1,-9,-9,55,WI,,-9,-9,5
53187,53187,1,2,53186,-1,-1,0,-1,1,0,-1,1,0,-1,1,0,-1,1,-9,-9,55,WI,,-9,-9,1
53188,53188,1,1,53188,-1,-1,0,-1,1,0,-1,1,0,-1,1,0,-1,1,-9,-9,55,WI,,-9,-9,5
53189,53189,1,1,53189,-1,-1,0,-1,1,0,-1,1,0,-1,1,0,-1,1,-9,-9,55,WI,,-9,-9,5
53190,53190,4,1,53190,2,-1,1,0,2,1,0,2,1,0,2,1,0,2,-9,-9,55,WI,,-9,-9,5
53191,53191,9.1,1,53191,2,2,2,1,2,1,1,2,2,1,2,1,1,2,-9,-9,55,WI,,-9,-9,5
53192,53192,2,2,53181,2,2,2,1,2,1,1,2,2,1,2,1,1,2,-9,-9,55,WI,,-9,-9,1
53194,53194,2,2,53104,2,2,1,2,1,1,1,1,1,2,1,1,1,1,-9,-9,55,WI,,-9,-9,1
53195,53195,4.2,2,53147,2,-1,2,0,2,1,0,2,2,0,2,1,0,2,-9,-9,55,WI,,-9,-9,1
53201,53201,1,2,53203,-1,-1,0,-1,1,0,-1,1,0,-1,1,0,-1,1,-9,-9,55,WI,,-9,-9,1
53202,53202,1,1,53202,-1,-1,0,-1,1,0,-1,1,0,-1,1,0,-1,1,-9,-9,55,WI,,-9,-9,5
53203,53203,1,1,53203,-1,-1,0,-1,1,0,-1,1,0,-1,1,0,-1,1,-9,-9,55,WI,,-9,-9,3
53204,53204,1,1,53204,-1,-1,0,-1,1,0,-1,1,0,-1,1,0,-1,1,-9,-9,55,WI,,-9,-9,5
53205,53205,1,1,53205,-1,-1,0,-1,1,0,-1,1,0,-1,1,0,-1,1,-9,-9,55,WI,,-9,-9,5
53206,53206,1,1,53206,-1,-1,0,-1,1,0,-1,1,0,-1,1,0,-1,1,-9,-9,55,WI,,-9,-9,5
53207,53207,1,1,53207,-1,-1,0,-1,1,0,-1,1,0,-1,1,0,-1,1,-9,-9,55,WI,,-9,-9,5
53208,53208,1,1,53208,-1,-1,0,-1,1,0,-1,1,0,-1,1,0,-1,1,-9,-9,55,WI,,-9,-9,5
53209,53209,1,1,53209,-1,-1,0,-1,1,0,-1,1,0,-1,1,0,-1,1,-9,-9,55,WI,,-9,-9,5
53210,53210,1,1,53210,-1,-1,0,-1,1,0,-1,1,0,-1,1,0,-1,1,-9,-9,55,WI,,-9,-9,5
53211,53211,1,1,53211,-1,-1,0,-1,1,0,-1,1,0,-1,1,0,-1,1,-9,-9,55,WI,,-9,-9,5
53212,53212,1,1,53212,-1,-1,0,-1,1,0,-1,1,0,-1,1,0,-1,1,-9,-9,55,WI,,-9,-9,5
53213,53213,1,1,53213,-1,-1,0,-1,1,0,-1,1,0,-1,1,0,-1,1,-9,-9,55,WI,,-9,-9,5
53214,53214,1,1,53214,-1,-1,0,-1,1,0,-1,1,0,-1,1,0,-1,1,-9,-9,55,WI,,-9,-9,5
53215,53215,1,1,53215,-1,-1,0,-1,1,0,-1,1,0,-1,1,0,-1,1,-9,-9,55,WI,,-9,-9,5
53216,53216,1,1,53216,-1,-1,0,-1,1,0,-1,1,0,-1,1,0,-1,1,-9,-9,55,WI,,-9,-9,5
53217,53217,1,1,53217,-1,-1,0,-1,1,0,-1,1,0,-1,1,0,-1,1,-9,-9,55,WI,,-9,-9,5
53218,53218,1,1,53218,-1,-1,0,-1,1,0,-1,1,0,-1,1,0,-1,1,-9,-9,55,WI,,-9,-9,5
53219,53219,1,1,53219,-1,-1,0,-1,1,0,-1,1,0,-1,1,0,-1,1,-9,-9,55,WI,,-9,-9,5
53220,53220,1,1,53220,-1,-1,0,-1,1,0,-1,1,0,-1,1,0,-1,1,-9,-9,55,WI,,-9,-9,5
53221,53221,1,1,53221,-1,-1,0,-1,1,0,-1,1,0,-1,1,0,-1,1,-9,-9,55,WI,,-9,-9,5
53222,53222,1,1,53222,-1,-1,0,-1,1,0,-1,1,0,-1,1,0,-1,1,-9,-9,55,WI,,-9,-9,5
53223,53223,1,1,53223,-1,-1,0,-1,1,0,-1,1,0,-1,1,0,-1,1,-9,-9,55,WI,,-9,-9,5
53224,53224,1,1,53224,-1,-1,0,-1,1,0,-1,1,0,-1,1,0,-1,1,-9,-9,55,WI,,-9,-9,5
53225,53225,1,1,53225,-1,-1,0,-1,1,0,-1,1,0,-1,1,0,-1,1,-9,-9,55,WI,,-9,-9,5
53226,53226,1,1,53226,-1,-1,0,-1,1,0,-1,1,0,-1,1,0,-1,1,-9,-9,55,WI,,-9,-9,5
53227,53227,1,1,53227,-1,-1,0,-1,1,0,-1,1,0,-1,1,0,-1,1,-9,-9,55,WI,,-9,-9,5
53228,53228,1,1,53228,-1,-1,0,-1,1,0,-1,1,0,-1,1,0,-1,1,-9,-9,55,WI,,-9,-9,5
53233,53233,1,1,53233,-1,-1,0,-1,1,0,-1,1,0,-1,1,0,-1,1,-9,-9,55,WI,,-9,-9,5
53234,53234,1,2,53219,-1,-1,0,-1,1,0,-1,1,0,-1,1,0,-1,1,-9,-9,55,WI,,-9,-9,1
53235,53235,1,1,53235,-1,-1,0,-1,1,0,-1,1,0,-1,1,0,-1,1,-9,-9,55,WI,,-9,-9,5
53237,53237,1,2,53207,-1,-1,0,-1,1,0,-1,1,0,-1,1,0,-1,1,-9,-9,55,WI,,-9,-9,1
53259,53259,1,2,53222,-1,-1,0,-1,1,0,-1,1,0,-1,1,0,-1,1,-9,-9,55,WI,,-9,-9,1
53263,53263,1,2,53222,-1,-1,0,-1,1,0,-1,1,0,-1,1,0,-1,1,-9,-9,55,WI,,-9,-9,1
53267,53267,1,2,53202,-1,-1,0,-1,1,0,-1,1,0,-1,1,0,-1,1,-9,-9,55,WI,,-9,-9,1
53268,53268,1,2,53203,-1,-1,0,-1,1,0,-1,1,0,-1,1,0,-1,1,-9,-9,55,WI,,-9,-9,1
53270,53270,1,2,53202,-1,-1,0,-1,1,0,-1,1,0,-1,1,0,-1,1,-9,-9,55,WI,,-9,-9,1
53274,53274,1,2,53203,-1,-1,0,-1,1,0,-1,1,0,-1,1,0,-1,1,-9,-9,55,WI,,-9,-9,1
53277,53277,1,2,53202,-1,-1,0,-1,1,0,-1,1,0,-1,1,0,-1,1,-9,-9,55,WI,,-9,-9,1
53278,53278,1,2,53202,-1,-1,0,-1,1,0,-1,1,0,-1,1,0,-1,1,-9,-9,55,WI,,-9,-9,1
53280,53280,1,2,53208,-1,-1,0,-1,1,0,-1,1,0,-1,1,0,-1,1,-9,-9,55,WI,,-9,-9,1
53281,53281,1,2,53208,-1,-1,0,-1,1,0,-1,1,0,-1,1,0,-1,1,-9,-9,55,WI,,-9,-9,1
53284,53284,1,2,53212,-1,-1,0,-1,1,0,-1,1,0,-1,1,0,-1,1,-9,-9,55,WI,,-9,-9,1
53285,53285,1,2,53212,-1,-1,0,-1,1,0,-1,1,0,-1,1,0,-1,1,-9,-9,55,WI,,-9,-9,1
53288,53288,1,2,53202,-1,-1,0,-1,1,0,-1,1,0,-1,1,0,-1,1,-9,-9,55,WI,,-9,-9,1
53290,53290,1,2,53203,-1,-1,0,-1,1,0,-1,1,0,-1,1,0,-1,1,-9,-9,55,WI,,-9,-9,1
53293,53293,1,2,53203,-1,-1,0,-1,1,0,-1,1,0,-1,1,0,-1,1,-9,-9,55,WI,,-9,-9,1
53295,53295,1,2,53214,-1,-1,0,-1,1,0,-1,1,0,-1,1,0,-1,1,-9,-9,55,WI,,-9,-9,1
53401,53401,1,2,53403,-1,-1,0,-1,1,0,-1,1,0,-1,1,0,-1,1,-9,-9,55,WI,,-9,-9,1
53402,53402,1,1,53402,-1,-1,0,-1,1,0,-1,1,0,-1,1,0,-1,1,-9,-9,55,WI,,-9,-9,5
53403,53403,1,1,53403,-1,-1,0,-1,1,0,-1,1,0,-1,1,0,-1,1,-9,-9,55,WI,,-9,-9,5
53404,53404,1,1,53404,-1,-1,0,-1,1,0,-1,1,0,-1,1,0,-1,1,-9,-9,55,WI,,-9,-9,5
53405,53405,1,1,53405,-1,-1,0,-1,1,0,-1,1,0,-1,1,0,-1,1,-9,-9,55,WI,,-9,-9,5
53406,53406,1,1,53406,-1,-1,0,-1,1,0,-1,1,0,-1,1,0,-1,1,-9,-9,55,WI,,-9,-9,5
53407,53407,1,2,53403,-1,-1,0,-1,1,0,-1,1,0,-1,1,0,-1,1,-9,-9,55,WI,,-9,-9,1
53408,53408,1,2,53406,-1,-1,0,-1,1,0,-1,1,0,-1,1,0,-1,1,-9,-9,55,WI,,-9,-9,1
53490,53490,1,2,53404,-1,-1,0,-1,1,0,-1,1,0,-1,1,0,-1,1,-9,-9,55,WI,,-9,-9,1
53501,53501,1,2,53548,-1,-1,0,-1,1,0,-1,1,0,-1,1,0,-1,1,-9,-9,55,WI,,-9,-9,1
53502,53502,6,1,53502,2,2,2,1,2,1,1,2,2,1,2,1,1,2,-9,-9,55,WI,,-9,-9,5
53503,53503,2,1,53503,2,2,2,3,1,1,2,1,2,3,1,1,2,1,-9,-9,55,WI,,-9,-9,5
53504,53504,10.4,1,53504,2,2,3,1,2,2,1,2,3,1,2,2,1,2,-9,-9,55,WI,,-9,-9,5
53505,53505,2,1,53505,2,2,1,1,2,1,1,1,1,1,2,1,1,1,-9,-9,55,WI,,-9,-9,3
53506,53506,10.6,1,53506,2,2,4,4,1,3,3,2,4,4,1,3,3,2,-9,-9,55,WI,,-9,-9,5
53507,53507,2,1,53507,2,2,1,3,1,1,2,1,1,3,1,1,2,1,-9,-9,55,WI,,-9,-9,5
53508,53508,2,1,53508,2,2,1,2,1,1,1,1,1,2,1,1,1,1,-9,-9,55,WI,,-9,-9,5
53510,53510,10.5,1,53510,2,2,2,1,2,1,1,2,2,1,2,1,1,2,-9,-9,55,WI,,-9,-9,5
53511,53511,1,1,53511,-1,-1,0,-1,1,0,-1,1,0,-1,1,0,-1,1,-9,-9,55,WI,,-9,-9,5
53512,53512,1,2,53511,-1,-1,0,-1,1,0,-1,1,0,-1,1,0,-1,1,-9,-9,55,WI,,-9,-9,1
53515,53515,2,1,53515,2,2,1,2,1,1,1,1,1,2,1,1,1,1,-9,-9,55,WI,,-9,-9,5
53516,53516,10.4,1,53516,2,2,2,2,2,1,1,2,2,2,2,1,1,2,-9,-9,55,WI,,-9,-9,5
53517,53517,2,1,53517,2,2,1,3,1,1,3,1,1,3,1,1,3,1,-9,-9,55,WI,,-9,-9,5
53518,53518,9,1,53518,2,2,5,4,2,4,3,2,5,4,2,4,3,2,-9,-9,55,WI,,-9,-9,5
53520,53520,7.3,1,53520,2,2,1,1,2,1,1,2,1,1,2,1,1,2,-9,-9,55,WI,,-9,-9,5
53521,53521,2,1,53521,2,2,1,2,1,1,1,1,1,2,1,1,1,1,-9,-9,55,WI,,-9,-9,5
53522,53522,5,1,53522,2,2,3,1,2,2,1,2,3,1,2,2,1,2,-9,-9,55,WI,,-9,-9,5
53523,53523,2,1,53523,2,2,1,1,2,1,1,2,1,1,2,1,1,2,-9,-9,55,WI,,-9,-9,5
53525,53525,10.4,1,53525,2,2,1,1,2,1,1,2,1,1,2,1,1,2,-9,-9,55,WI,,-9,-9,5
53526,53526,10.6,1,53526,2,2,3,2,2,2,1,2,3,2,2,2,1,2,-9,-9,55,WI,,-9,-9,4
53527,53527,1,1,53527,-1,-1,0,-1,1,0,-1,1,0,-1,1,0,-1,1,-9,-9,55,WI,,-9,-9,5
53528,53528,2,1,53528,2,2,1,3,1,1,2,1,1,3,1,1,2,1,-9,-9,55,WI,,-9,-9,5
53529,53529,2,1,53529,2,2,1,2,1,1,1,1,1,2,1,1,1,1,-9,-9,55,WI,,-9,-9,5
53530,53530,10,1,53530,2,2,3,2,2,2,1,2,3,2,2,2,1,2,-9,-9,55,WI,,-9,-9,5
53531,53531,2,1,53531,2,2,1,1,1,1,1,1,1,1,1,1,1,1,-9,-9,55,WI,,-9,-9,5
53532,53532,2,1,53532,2,2,1,3,1,1,2,1,1,3,1,1,2,1,-9,-9,55,WI,,-9,-9,5
53533,53533,7.3,1,53533,2,2,2,2,2,2,1,2,2,2,2,2,1,2,-9,-9,55,WI,,-9,-9,5
53534,53534,2,1,53534,2,2,1,1,1,1,1,1,1,1,1,1,1,1,-9,-9,55,WI,,-9,-9,5
53535,53535,7.3,2,53533,2,2,2,2,2,2,1,2,2,2,2,2,1,2,-9,-9,55,WI,,-9,-9,1
53536,53536,7.1,1,53536,2,2,1,2,1,1,1,1,1,2,1,1,1,1,-9,-9,55,WI,,-9,-9,5
53537,53537,1,2,53545,-1,-1,0,-1,1,0,-1,1,0,-1,1,0,-1,1,-9,-9,55,WI,,-9,-9,1
53538,53538,4,1,53538,2,-1,1,0,2,1,0,2,1,0,2,1,0,2,-9,-9,55,WI,,-9,-9,5
53540,53540,9,2,53556,2,2,3,3,1,2,3,1,3,3,1,2,3,1,-9,-9,55,WI,,-9,-9,1
53541,53541,10.5,1,53541,2,2,3,1,2,2,1,2,3,1,2,2,1,2,-9,-9,55,WI,,-9,-9,5
53542,53542,1,2,53545,-1,-1,0,-1,1,0,-1,1,0,-1,1,0,-1,1,-9,-9,55,WI,,-9,-9,1
53543,53543,10.6,1,53543,2,2,4,2,2,3,2,2,4,2,2,3,2,2,-9,-9,55,WI,,-9,-9,5
53544,53544,2,1,53544,2,2,2,2,2,2,2,2,2,2,2,2,2,2,-9,-9,55,WI,,-9,-9,4
53545,53545,1,1,53545,-1,-1,0,-1,1,0,-1,1,0,-1,1,0,-1,1,-9,-9,55,WI,,-9,-9,5
53546,53546,1,1,53546,-1,-1,0,-1,1,0,-1,1,0,-1,1,0,-1,1,-9,-9,55,WI,,-9,-9,5
53547,53547,1,2,53545,-1,-1,0,-1,1,0,-1,1,0,-1,1,0,-1,1,-9,-9,55,WI,,-9,-9,1
53548,53548,1,1,53548,-1,-1,0,-1,1,0,-1,1,0,-1,1,0,-1,1,-9,-9,55,WI,,-9,-9,5
53549,53549,4,1,53549,2,-1,1,0,2,1,0,2,1,0,2,1,0,2,-9,-9,55,WI,,-9,-9,5
53550,53550,5,1,53550,2,2,2,1,2,1,1,2,2,1,2,1,1,2,-9,-9,55,WI,,-9,-9,5
53551,53551,7.3,1,53551,2,2,1,1,2,1,1,2,1,1,2,1,1,2,-9,-9,55,WI,,-9,-9,5
53553,53553,10.6,1,53553,2,2,3,2,2,2,1,2,3,2,2,2,1,2,-9,-9,55,WI,,-9,-9,4
53554,53554,10.5,1,53554,2,2,3,1,2,2,1,2,3,1,2,2,1,2,-9,-9,55,WI,,-9,-9,4
53555,53555,2,1,53555,2,2,1,1,1,1,1,1,1,1,1,1,1,1,-9,-9,55,WI,,-9,-9,5
53556,53556,9,1,53556,2,2,3,3,1,2,3,1,3,3,1,2,3,1,-9,-9,55,WI,,-9,-9,5
53557,53557,10.4,1,53557,2,2,2,1,2,1,1,2,2,1,2,1,1,2,-9,-9,55,WI,,-9,-9,3
53558,53558,1,1,53558,-1,-1,0,-1,1,0,-1,1,0,-1,1,0,-1,1,-9,-9,55,WI,,-9,-9,5
53559,53559,2,1,53559,2,2,1,2,1,1,1,1,1,2,1,1,1,1,-9,-9,55,WI,,-9,-9,5
53560,53560,2,1,53560,2,2,1,2,1,1,1,1,1,2,1,1,1,1,-9,-9,55,WI,,-9,-9,5
53561,53561,3,1,53561,2,2,2,1,2,1,1,2,2,1,2,1,1,2,-9,-9,55,WI,,-9,-9,5
53562,53562,1,1,53562,-1,-1,0,-1,1,0,-1,1,0,-1,1,0,-1,1,-9,-9,55,WI,,-9,-9,5
53563,53563,1,1,53563,-1,-1,0,-1,1,0,-1,1,0,-1,1,0,-1,1,-9,-9,55,WI,,-9,-9,5
53565,53565,10.6,1,53565,2,2,3,1,2,2,1,2,3,1,2,2,1,2,-9,-9,55,WI,,-9,-9,5
53566,53566,4,1,53566,2,-1,2,0,2,2,0,2,2,0,2,2,0,2,-9,-9,55,WI,,-9,-9,5
53569,53569,10.6,1,53569,2,2,3,1,2,2,1,2,3,1,2,2,1,2,-9,-9,55,WI,,-9,-9,5
53570,53570,2,1,53570,2,2,2,1,2,1,1,2,2,1,2,1,1,2,-9,-9,55,WI,,-9,-9,5
53571,53571,2,2,53532,2,2,1,3,1,1,2,1,1,3,1,1,2,1,-9,-9,55,WI,,-9,-9,1
53572,53572,2,1,53572,2,2,1,3,1,1,2,1,1,3,1,1,2,1,-9,-9,55,WI,,-9,-9,5
53573,53573,10.6,1,53573,2,2,4,3,2,3,2,2,4,3,2,3,2,2,-9,-9,55,WI,,-9,-9,5
53574,53574,2,1,53574,2,2,2,1,2,1,1,2,2,1,2,1,1,2,-9,-9,55,WI,,-9,-9,5
53575,53575,2,1,53575,2,2,1,3,1,1,2,1,1,3,1,1,2,1,-9,-9,55,WI,,-9,-9,5
53576,53576,2,1,53576,2,2,1,1,1,1,1,1,1,1,1,1,1,1,-9,-9,55,WI,,-9,-9,5
53577,53577,10.6,1,53577,2,2,3,2,2,2,2,2,3,2,2,2,2,2,-9,-9,55,WI,,-9,-9,5
53578,53578,7.3,1,53578,2,2,1,1,2,1,1,2,1,1,2,1,1,2,-9,-9,55,WI,,-9,-9,5
53579,53579,10.4,1,53579,2,2,2,1,2,1,1,2,2,1,2,1,1,2,-9,-9,55,WI,,-9,-9,5
53580,53580,10.6,1,53580,2,2,2,1,2,2,1,2,2,1,2,2,1,2,-9,-9,55,WI,,-9,-9,4
53581,53581,7,1,53581,2,2,4,4,2,3,3,2,4,4,2,3,3,2,-9,-9,55,WI,,-9,-9,5
53582,53582,2,1,53582,2,2,2,4,1,2,3,1,2,4,1,2,3,1,-9,-9,55,WI,,-9,-9,5
53583,53583,7.3,1,53583,2,2,1,1,2,1,1,2,1,1,2,1,1,2,-9,-9,55,WI,,-9,-9,5
53584,53584,9,2,53556,2,2,3,3,1,2,3,1,3,3,1,2,3,1,-9,-9,55,WI,,-9,-9,1
53585,53585,4,1,53585,2,-1,1,0,2,1,0,2,1,0,2,1,0,2,-9,-9,55,WI,,-9,-9,5
53586,53586,10.4,1,53586,2,2,2,2,2,1,1,2,2,2,2,1,1,2,-9,-9,55,WI,,-9,-9,5
53587,53587,10.5,1,53587,2,2,3,1,2,3,1,2,3,1,2,3,1,2,-9,-9,55,WI,,-9,-9,5
53588,53588,10.4,1,53588,2,2,2,3,1,2,2,1,2,3,1,2,2,1,-9,-9,55,WI,,-9,-9,5
53589,53589,1,1,53589,-1,-1,0,-1,1,0,-1,1,0,-1,1,0,-1,1,-9,-9,55,WI,,-9,-9,5
53590,53590,1,1,53590,-1,-1,0,-1,1,0,-1,1,0,-1,1,0,-1,1,-9,-9,55,WI,,-9,-9,5
53591,53591,1,2,53590,-1,-1,0,-1,1,0,-1,1,0,-1,1,0,-1,1,-9,-9,55,WI,,-9,-9,1
53593,53593,1,1,53593,-1,-1,0,-1,1,0,-1,1,0,-1,1,0,-1,1,-9,-9,55,WI,,-9,-9,5
53594,53594,7.3,1,53594,2,2,1,1,2,1,1,1,1,1,2,1,1,1,-9,-9,55,WI,,-9,-9,5
53595,53595,7.3,2,53533,2,2,2,2,2,2,1,2,2,2,2,2,1,2,-9,-9,55,WI,,-9,-9,1
53596,53596,1,2,53590,-1,-1,0,-1,1,0,-1,1,0,-1,1,0,-1,1,-9,-9,55,WI,,-9,-9,1
53597,53597,1,1,53597,-1,-1,0,-1,1,0,-1,1,0,-1,1,0,-1,1,-9,-9,55,WI,,-9,-9,5
53598,53598,2,1,53598,2,2,1,2,1,1,2,1,1,2,1,1,2,1,-9,-9,55,WI,,-9,-9,5
53599,53599,10.4,2,53504,2,2,3,1,2,2,1,2,3,1,2,2,1,2,-9,-9,55,WI,,-9,-9,1
53701,53701,1,2,53703,-1,-1,0,-1,1,0,-1,1,0,-1,1,0,-1,1,-9,-9,55,WI,,-9,-9,1
53702,53702,1,2,53703,-1,-1,0,-1,1,0,-1,1,0,-1,1,0,-1,1,-9,-9,55,WI,,-9,-9,1
53703,53703,1,1,53703,-1,-1,0,-1,1,0,-1,1,0,-1,1,0,-1,1,-9,-9,55,WI,,-9,-9,5
53704,53704,1,1,53704,-1,-1,0,-1,1,0,-1,1,0,-1,1,0,-1,1,-9,-9,55,WI,,-9,-9,5
53705,53705,1,1,53705,-1,-1,0,-1,1,0,-1,1,0,-1,1,0,-1,1,-9,-9,55,WI,,-9,-9,5
53706,53706,1,1,53706,-1,-1,0,-1,1,0,-1,1,0,-1,1,0,-1,1,-9,-9,55,WI,,-9,-9,5
53707,53707,1,2,53714,-1,-1,0,-1,1,0,-1,1,0,-1,1,0,-1,1,-9,-9,55,WI,,-9,-9,1
53708,53708,1,2,53714,-1,-1,0,-1,1,0,-1,1,0,-1,1,0,-1,1,-9,-9,55,WI,,-9,-9,1
53711,53711,1,1,53711,-1,-1,0,-1,1,0,-1,1,0,-1,1,0,-1,1,-9,-9,55,WI,,-9,-9,5
53713,53713,1,1,53713,-1,-1,0,-1,1,0,-1,1,0,-1,1,0,-1,1,-9,-9,55,WI,,-9,-9,5
53714,53714,1,1,53714,-1,-1,0,-1,1,0,-1,1,0,-1,1,0,-1,1,-9,-9,55,WI,,-9,-9,5
53715,53715,1,1,53715,-1,-1,0,-1,1,0,-1,1,0,-1,1,0,-1,1,-9,-9,55,WI,,-9,-9,5
53716,53716,1,1,53716,-1,-1,0,-1,1,0,-1,1,0,-1,1,0,-1,1,-9,-9,55,WI,,-9,-9,5
53717,53717,1,1,53717,-1,-1,0,-1,1,0,-1,1,0,-1,1,0,-1,1,-9,-9,55,WI,,-9,-9,5
53718,53718,1,1,53718,-1,-1,0,-1,1,0,-1,1,0,-1,1,0,-1,1,-9,-9,55,WI,,-9,-9,5
53719,53719,1,1,53719,-1,-1,0,-1,1,0,-1,1,0,-1,1,0,-1,1,-9,-9,55,WI,,-9,-9,5
53725,53725,1,2,53715,-1,-1,0,-1,1,0,-1,1,0,-1,1,0,-1,1,-9,-9,55,WI,,-9,-9,1
53726,53726,1,1,53726,-1,-1,0,-1,1,0,-1,1,0,-1,1,0,-1,1,-9,-9,55,WI,,-9,-9,5
53744,53744,1,2,53711,-1,-1,0,-1,1,0,-1,1,0,-1,1,0,-1,1,-9,-9,55,WI,,-9,-9,1
53774,53774,1,2,53713,-1,-1,0,-1,1,0,-1,1,0,-1,1,0,-1,1,-9,-9,55,WI,,-9,-9,1
53777,53777,1,2,53704,-1,-1,0,-1,1,0,-1,1,0,-1,1,0,-1,1,-9,-9,55,WI,,-9,-9,1
53778,53778,1,2,53714,-1,-1,0,-1,1,0,-1,1,0,-1,1,0,-1,1,-9,-9,55,WI,,-9,-9,1
53779,53779,1,2,53714,-1,-1,0,-1,1,0,-1,1,0,-1,1,0,-1,1,-9,-9,55,WI,,-9,-9,1
53782,53782,1,2,53703,-1,-1,0,-1,1,0,-1,1,0,-1,1,0,-1,1,-9,-9,55,WI,,-9,-9,1
53783,53783,1,2,53718,-1,-1,0,-1,1,0,-1,1,0,-1,1,0,-1,1,-9,-9,55,WI,,-9,-9,1
53784,53784,1,2,53713,-1,-1,0,-1,1,0,-1,1,0,-1,1,0,-1,1,-9,-9,55,WI,,-9,-9,1
53785,53785,1,2,53703,-1,-1,0,-1,1,0,-1,1,0,-1,1,0,-1,1,-9,-9,55,WI,,-9,-9,1
53786,53786,1,2,53703,-1,-1,0,-1,1,0,-1,1,0,-1,1,0,-1,1,-9,-9,55,WI,,-9,-9,1
53788,53788,1,2,53703,-1,-1,0,-1,1,0,-1,1,0,-1,1,0,-1,1,-9,-9,55,WI,,-9,-9,1
53789,53789,1,2,53703,-1,-1,0,-1,1,0,-1,1,0,-1,1,0,-1,1,-9,-9,55,WI,,-9,-9,1
53790,53790,1,2,53703,-1,-1,0,-1,1,0,-1,1,0,-1,1,0,-1,1,-9,-9,55,WI,,-9,-9,1
53791,53791,1,2,53714,-1,-1,0,-1,1,0,-1,1,0,-1,1,0,-1,1,-9,-9,55,WI,,-9,-9,1
53792,53792,1,2,53726,-1,-1,0,-1,1,0,-1,1,0,-1,1,0,-1,1,-9,-9,55,WI,,-9,-9,1
53793,53793,1,2,53714,-1,-1,0,-1,1,0,-1,1,0,-1,1,0,-1,1,-9,-9,55,WI,,-9,-9,1
53794,53794,1,2,53714,-1,-1,0,-1,1,0,-1,1,0,-1,1,0,-1,1,-9,-9,55,WI,,-9,-9,1
53801,53801,10.6,1,53801,2,2,4,3,2,3,2,2,4,3,2,3,2,2,-9,-9,55,WI,,-9,-9,4
53802,53802,10.6,2,53806,2,2,3,2,2,2,2,2,3,2,2,2,2,2,-9,-9,55,WI,,-9,-9,1
53803,53803,10.4,1,53803,2,2,1,1,1,1,1,1,1,1,1,1,1,1,-9,-9,55,WI,,-9,-9,3
53804,53804,10.6,1,53804,2,2,3,2,2,2,1,2,3,2,2,2,1,2,-9,-9,55,WI,,-9,-9,5
53805,53805,7,1,53805,2,2,4,3,2,3,2,2,4,3,2,3,2,2,-9,-9,55,WI,,-9,-9,5
53806,53806,10.6,1,53806,2,2,3,2,2,2,2,2,3,2,2,2,2,2,-9,-9,55,WI,,-9,-9,5
53807,53807,10.4,1,53807,2,2,1,1,2,1,1,2,1,1,2,1,1,2,-9,-9,55,WI,,-9,-9,5
53808,53808,10.4,2,53807,2,2,1,1,2,1,1,2,1,1,2,1,1,2,-9,-9,55,WI,,-9,-9,1
53809,53809,10.6,1,53809,2,2,3,2,2,2,1,2,3,2,2,2,1,2,-9,-9,55,WI,,-9,-9,5
53810,53810,10.6,1,53810,2,2,4,3,2,3,2,2,4,3,2,3,2,2,-9,-9,55,WI,,-9,-9,4
53811,53811,2,1,53811,2,2,1,1,1,1,1,1,1,1,1,1,1,1,-9,-9,55,WI,,-9,-9,5
53812,53812,10.4,2,53807,2,2,1,1,2,1,1,2,1,1,2,1,1,2,-9,-9,55,WI,,-9,-9,1
53813,53813,7,1,53813,2,2,2,1,2,1,1,2,2,1,2,1,1,2,-9,-9,55,WI,,-9,-9,5
53816,53816,10.6,1,53816,2,2,3,2,2,3,2,2,3,2,2,3,2,2,-9,-9,55,WI,,-9,-9,4
53817,53817,7,2,53821,2,2,5,4,2,4,3,2,5,4,2,4,3,2,-9,-9,55,WI,,-9,-9,1
53818,53818,4,1,53818,2,-1,1,0,2,1,0,2,1,0,2,1,0,2,-9,-9,55,WI,,-9,-9,5
53820,53820,6.1,1,53820,2,2,1,1,2,1,1,2,1,1,2,1,1,2,-9,-9,55,WI,,-9,-9,5
53821,53821,7,1,53821,2,2,5,4,2,4,3,2,5,4,2,4,3,2,-9,-9,55,WI,,-9,-9,5
53824,53824,2,2,53811,2,2,1,1,1,1,1,1,1,1,1,1,1,1,-9,-9,55,WI,,-9,-9,1
53825,53825,10.5,1,53825,2,2,3,2,2,2,1,2,3,2,2,2,1,2,-9,-9,55,WI,,-9,-9,3
53826,53826,8,1,53826,2,2,5,4,2,4,3,2,5,4,2,4,3,2,-9,-9,55,WI,,-9,-9,5
53827,53827,10.6,1,53827,2,2,4,3,2,3,2,2,4,3,2,3,2,2,-9,-9,55,WI,,-9,-9,3
53901,53901,7.3,1,53901,2,2,2,1,2,2,1,2,2,1,2,2,1,2,-9,-9,55,WI,,-9,-9,5
53910,53910,10,1,53910,2,2,5,2,2,4,2,2,5,2,2,4,2,2,-9,-9,55,WI,,-9,-9,5
53911,53911,2,1,53911,2,2,1,2,1,1,2,1,1,2,1,1,2,1,-9,-9,55,WI,,-9,-9,5
53913,53913,4,1,53913,2,-1,3,0,2,2,0,2,3,0,2,2,0,2,-9,-9,55,WI,,-9,-9,5
53916,53916,4,1,53916,2,-1,2,0,2,1,0,2,2,0,2,1,0,2,-9,-9,55,WI,,-9,-9,5
53917,53917,4,2,53916,2,-1,2,0,2,1,0,2,2,0,2,1,0,2,-9,-9,55,WI,,-9,-9,1
53919,53919,10.4,1,53919,2,2,1,1,2,1,1,2,1,1,2,1,1,2,-9,-9,55,WI,,-9,-9,5
53920,53920,9,1,53920,2,2,4,2,2,3,1,2,4,2,2,3,1,2,-9,-9,55,WI,,-9,-9,3
53922,53922,9,1,53922,2,2,2,1,2,1,1,2,2,1,2,1,1,2,-9,-9,55,WI,,-9,-9,5
53923,53923,10.4,1,53923,2,2,2,1,2,2,1,2,2,1,2,2,1,2,-9,-9,55,WI,,-9,-9,5
53924,53924,10.6,1,53924,2,2,5,3,2,4,2,2,5,3,2,4,2,2,-9,-9,55,WI,,-9,-9,5
53925,53925,7.3,1,53925,2,2,1,1,2,1,1,2,1,1,2,1,1,2,-9,-9,55,WI,,-9,-9,5
53926,53926,10,1,53926,2,2,3,2,2,2,2,2,3,2,2,2,2,2,-9,-9,55,WI,,-9,-9,5
53927,53927,10,2,54613,2,2,5,2,2,5,1,2,5,2,2,5,1,2,-9,-9,55,WI,,-9,-9,1
53928,53928,2,2,53960,2,2,2,2,1,1,1,1,2,2,1,1,1,1,-9,-9,55,WI,,-9,-9,1
53929,53929,10.6,1,53929,2,2,4,3,2,4,3,2,4,3,2,4,3,2,-9,-9,55,WI,,-9,-9,5
53930,53930,9,1,53930,2,2,3,2,2,3,1,2,3,2,2,3,1,2,-9,-9,55,WI,,-9,-9,5
53931,53931,10.4,2,53919,2,2,1,1,2,1,1,2,1,1,2,1,1,2,-9,-9,55,WI,,-9,-9,1
53932,53932,2,1,53932,2,2,1,1,2,1,1,2,1,1,2,1,1,2,-9,-9,55,WI,,-9,-9,5
53933,53933,10.5,1,53933,2,2,2,1,2,2,1,2,2,1,2,2,1,2,-9,-9,55,WI,,-9,-9,5
53934,53934,10,1,53934,2,2,5,2,2,5,2,2,5,2,2,5,2,2,-9,-9,55,WI,,-9,-9,5
53935,53935,10.4,2,53923,2,2,2,1,2,2,1,2,2,1,2,2,1,2,-9,-9,55,WI,,-9,-9,1
53936,53936,10.6,1,53936,2,2,5,2,2,4,2,2,5,2,2,4,2,2,-9,-9,55,WI,,-9,-9,5
53937,53937,10.6,1,53937,2,2,4,2,2,3,1,2,4,2,2,3,1,2,-9,-9,55,WI,,-9,-9,5
53939,53939,10,1,53939,2,2,3,2,2,2,1,2,3,2,2,2,1,2,-9,-9,55,WI,,-9,-9,3
53940,53940,4,2,53913,2,-1,3,0,2,2,0,2,3,0,2,2,0,2,-9,-9,55,WI,,-9,-9,1
53941,53941,8,1,53941,2,2,4,2,2,3,1,2,4,2,2,3,1,2,-9,-9,55,WI,,-9,-9,5
53942,53942,8,2,53941,2,2,4,2,2,3,1,2,4,2,2,3,1,2,-9,-9,55,WI,,-9,-9,1
53943,53943,10.6,1,53943,2,2,4,2,2,3,1,2,4,2,2,3,1,2,-9,-9,55,WI,,-9,-9,5
53944,53944,9,1,53944,2,2,4,1,2,3,1,2,4,1,2,3,1,2,-9,-9,55,WI,,-9,-9,5
53946,53946,10.6,1,53946,2,2,2,2,2,2,1,2,2,2,2,2,1,2,-9,-9,55,WI,,-9,-9,5
53947,53947,10,1,53947,2,2,3,2,2,3,1,2,3,2,2,3,1,2,-9,-9,55,WI,,-9,-9,3
53948,53948,7,1,53948,2,2,4,2,2,4,2,2,4,2,2,4,2,2,-9,-9,55,WI,,-9,-9,5
53949,53949,10.6,1,53949,2,2,4,3,2,3,2,2,4,3,2,3,2,2,-9,-9,55,WI,,-9,-9,5
53950,53950,10.6,1,53950,2,2,4,2,2,4,2,2,4,2,2,4,2,2,-9,-9,55,WI,,-9,-9,5
53951,53951,7.3,1,53951,2,2,3,1,2,2,1,2,3,1,2,2,1,2,-9,-9,55,WI,,-9,-9,5
53952,53952,10.6,1,53952,2,2,4,2,2,3,2,2,4,2,2,3,2,2,-9,-9,55,WI,,-9,-9,5
53953,53953,10.6,2,53949,2,2,4,3,2,3,2,2,4,3,2,3,2,2,-9,-9,55,WI,,-9,-9,1
53954,53954,3,1,53954,2,2,2,2,2,1,2,1,2,2,2,1,2,1,-9,-9,55,WI,,-9,-9,5
53955,53955,2,1,53955,2,2,2,2,1,1,1,1,2,2,1,1,1,1,-9,-9,55,WI,,-9,-9,5
53956,53956,6,1,53956,2,2,2,1,2,2,1,2,2,1,2,2,1,2,-9,-9,55,WI,,-9,-9,5
53957,53957,6,2,53956,2,2,2,1,2,2,1,2,2,1,2,2,1,2,-9,-9,55,WI,,-9,-9,1
53958,53958,7.4,2,53959,2,2,4,1,2,3,1,2,4,1,2,3,1,2,-9,-9,55,WI,,-9,-9,1
53959,53959,7.4,1,53959,2,2,4,1,2,3,1,2,4,1,2,3,1,2,-9,-9,55,WI,,-9,-9,5
53960,53960,2,1,53960,2,2,2,2,1,1,1,1,2,2,1,1,1,1,-9,-9,55,WI,,-9,-9,5
53961,53961,6,1,53961,2,2,3,1,2,2,1,2,3,1,2,2,1,2,-9,-9,55,WI,,-9,-9,4
53962,53962,10.6,2,53968,2,2,5,2,2,4,2,2,5,2,2,4,2,2,-9,-9,55,WI,,-9,-9,1
53963,53963,4,1,53963,2,-1,1,0,2,1,0,2,1,0,2,1,0,2,-9,-9,55,WI,,-9,-9,5
53964,53964,10.6,1,53964,2,2,4,2,2,3,2,2,4,2,2,3,2,2,-9,-9,55,WI,,-9,-9,5
53965,53965,7.4,1,53965,2,2,3,1,2,3,1,2,3,1,2,3,1,2,-9,-9,55,WI,,-9,-9,5
53968,53968,10.6,1,53968,2,2,5,2,2,4,2,2,5,2,2,4,2,2,-9,-9,55,WI,,-9,-9,5
53969,53969,3,2,53954,2,2,2,2,2,1,2,1,2,2,2,1,2,1,-9,-9,55,WI,,-9,-9,1
54001,54001,7.3,1,54001,2,2,4,4,2,3,3,2,4,4,2,3,3,2,-9,-9,55,WI,,-9,-9,5
54002,54002,7.3,1,54002,2,2,2,1,2,2,1,2,2,1,2,2,1,2,-9,-9,55,WI,,-9,-9,5
54003,54003,3,1,54003,2,2,3,1,2,2,1,2,3,1,2,2,1,2,-9,-9,55,WI,,-9,-9,5
54004,54004,10.6,1,54004,2,2,5,3,2,4,2,2,5,3,2,4,2,2,-9,-9,55,WI,,-9,-9,5
54005,54005,10.6,1,54005,2,2,4,3,2,3,2,2,4,3,2,3,2,2,-9,-9,55,WI,,-9,-9,5
54006,54006,10,1,54006,2,2,3,6,1,2,4,1,3,6,1,2,4,1,-9,-9,55,WI,,-9,-9,5
54007,54007,9.1,1,54007,2,2,3,3,2,2,2,1,3,3,2,2,2,1,-9,-9,55,WI,,-9,-9,5
54009,54009,10.4,1,54009,2,2,3,4,1,2,2,1,3,4,1,2,2,1,-9,-9,55,WI,,-9,-9,5
54010,54010,10.4,2,54011,2,2,2,1,2,1,1,2,2,1,2,1,1,2,-9,-9,55,WI,,-9,-9,1
54011,54011,10.4,1,54011,2,2,2,1,2,1,1,2,2,1,2,1,1,2,-9,-9,55,WI,,-9,-9,5
54013,54013,10.4,1,54013,2,2,4,2,2,3,1,2,4,2,2,3,1,2,-9,-9,55,WI,,-9,-9,5
54014,54014,5.2,1,54014,2,2,3,1,2,2,1,2,3,1,2,2,1,2,-9,-9,55,WI,,-9,-9,5
54015,54015,2,1,54015,2,2,2,1,2,1,1,2,2,1,2,1,1,2,-9,-9,55,WI,,-9,-9,5
54016,54016,2,1,54016,2,2,1,1,1,1,1,1,1,1,1,1,1,1,-9,-9,55,WI,,-9,-9,5
54017,54017,7.3,1,54017,2,2,2,2,2,1,1,2,2,2,2,1,1,2,-9,-9,55,WI,,-9,-9,5
54020,54020,10.4,1,54020,2,2,3,4,1,1,2,1,3,4,1,1,2,1,-9,-9,55,WI,,-9,-9,5
54021,54021,2,1,54021,2,2,1,1,1,1,1,1,1,1,1,1,1,1,-9,-9,55,WI,,-9,-9,5
54022,54022,4.2,1,54022,2,-1,2,0,2,1,0,2,2,0,2,1,0,2,-9,-9,55,WI,,-9,-9,5
54023,54023,2,1,54023,2,2,1,1,2,1,1,2,1,1,2,1,1,2,-9,-9,55,WI,,-9,-9,5
54024,54024,10.4,1,54024,2,2,3,5,1,2,3,1,3,5,1,2,3,1,-9,-9,55,WI,,-9,-9,5
54025,54025,2,1,54025,2,2,1,3,1,1,1,1,1,3,1,1,1,1,-9,-9,55,WI,,-9,-9,5
54026,54026,3,1,54026,2,2,3,3,1,1,2,1,3,3,1,1,2,1,-9,-9,55,WI,,-9,-9,5
54027,54027,10.4,1,54027,2,2,2,1,2,2,1,2,2,1,2,2,1,2,-9,-9,55,WI,,-9,-9,4
54028,54028,7.3,1,54028,2,2,2,1,2,2,1,2,2,1,2,2,1,2,-9,-9,55,WI,,-9,-9,5
54082,54082,2,1,54082,2,2,1,2,1,1,1,1,1,2,1,1,1,1,-9,-9,55,WI,,-9,-9,5
54101,54101,2,1,54101,2,2,1,2,1,1,2,1,1,2,1,1,2,1,-9,-9,55,WI,,-9,-9,5
54102,54102,10.5,1,54102,2,2,5,1,2,4,1,2,5,1,2,4,1,2,-9,-9,55,WI,,-9,-9,4
54103,54103,10,1,54103,2,2,6,2,2,6,2,2,6,2,2,6,2,2,-9,-9,55,WI,,-9,-9,3
54104,54104,10.5,1,54104,2,2,5,3,2,4,2,2,5,3,2,4,2,2,-9,-9,55,WI,,-9,-9,5
54106,54106,2,1,54106,2,2,1,4,1,1,3,1,1,4,1,1,3,1,-9,-9,55,WI,,-9,-9,5
54107,54107,3,1,54107,2,2,1,4,1,1,3,1,1,4,1,1,3,1,-9,-9,55,WI,,-9,-9,5
54110,54110,7.3,1,54110,2,2,1,1,1,1,1,1,1,1,1,1,1,1,-9,-9,55,WI,,-9,-9,5
54111,54111,3,1,54111,2,2,2,4,1,2,3,1,2,4,1,2,3,1,-9,-9,55,WI,,-9,-9,5
54112,54112,10.5,1,54112,2,2,2,1,2,2,1,2,2,1,2,2,1,2,-9,-9,55,WI,,-9,-9,5
54113,54113,1,1,54113,-1,-1,0,-1,1,0,-1,1,0,-1,1,0,-1,1,-9,-9,55,WI,,-9,-9,5
54114,54114,10.5,1,54114,2,2,4,2,2,3,1,2,4,2,2,3,1,2,-9,-9,55,WI,,-9,-9,5
54115,54115,1,1,54115,-1,-1,0,-1,1,0,-1,1,0,-1,1,0,-1,1,-9,-9,55,WI,,-9,-9,5
54119,54119,10.5,1,54119,2,2,6,1,2,5,1,2,6,1,2,5,1,2,-9,-9,55,WI,,-9,-9,5
54120,54120,5,1,54120,2,2,6,1,2,6,1,2,6,1,2,6,1,2,-9,-9,55,WI,,-9,-9,3
54121,54121,10.2,1,54121,2,2,6,1,2,6,1,2,6,1,2,6,1,2,-9,-9,55,WI,,-9,-9,5
54123,54123,7.3,2,54110,2,2,1,1,1,1,1,1,1,1,1,1,1,1,-9,-9,55,WI,,-9,-9,1
54124,54124,10.4,1,54124,2,2,2,3,1,2,3,1,2,3,1,2,3,1,-9,-9,55,WI,,-9,-9,5
54125,54125,10.5,1,54125,2,2,6,2,2,6,1,2,6,2,2,6,1,2,-9,-9,55,WI,,-9,-9,4
54126,54126,2,1,54126,2,2,1,2,1,1,2,1,1,2,1,1,2,1,-9,-9,55,WI,,-9,-9,5
54127,54127,7.3,2,54154,2,2,2,2,1,2,2,1,2,2,1,2,2,1,-9,-9,55,WI,,-9,-9,1
54128,54128,10.6,1,54128,2,2,3,5,1,3,4,1,3,5,1,3,4,1,-9,-9,55,WI,,-9,-9,5
54129,54129,3,1,54129,2,2,1,3,1,1,2,1,1,3,1,1,2,1,-9,-9,55,WI,,-9,-9,5
54130,54130,1,1,54130,-1,-1,0,-1,1,0,-1,1,0,-1,1,0,-1,1,-9,-9,55,WI,,-9,-9,5
54131,54131,1,2,54130,-1,-1,0,-1,1,0,-1,1,0,-1,1,0,-1,1,-9,-9,55,WI,,-9,-9,1
54135,54135,10,1,54135,2,2,3,5,1,2,4,1,3,5,1,2,4,1,-9,-9,55,WI,,-9,-9,5
54136,54136,1,1,54136,-1,-1,0,-1,1,0,-1,1,0,-1,1,0,-1,1,-9,-9,55,WI,,-9,-9,5
54137,54137,3,1,54137,2,2,1,3,1,1,3,1,1,3,1,1,3,1,-9,-9,55,WI,,-9,-9,5
54138,54138,10,1,54138,2,2,5,5,2,4,3,2,5,5,2,4,3,2,-9,-9,55,WI,,-9,-9,4
54139,54139,10.4,1,54139,2,2,2,2,1,1,1,2,2,2,1,1,1,2,-9,-9,55,WI,,-9,-9,5
54140,54140,1,1,54140,-1,-1,0,-1,1,0,-1,1,0,-1,1,0,-1,1,-9,-9,55,WI,,-9,-9,5
54141,54141,2,1,54141,2,2,1,2,1,1,2,1,1,2,1,1,2,1,-9,-9,55,WI,,-9,-9,5
54143,54143,4,1,54143,2,-1,3,0,2,3,0,2,3,0,2,3,0,2,-9,-9,55,WI,,-9,-9,5
54149,54149,10,1,54149,2,2,5,4,2,3,3,2,5,4,2,3,3,2,-9,-9,55,WI,,-9,-9,5
54150,54150,10,1,54150,2,2,4,4,1,2,3,1,4,4,1,2,3,1,-9,-9,55,WI,,-9,-9,2
54151,54151,4,1,54151,2,-1,6,0,2,5,0,2,6,0,2,5,0,2,-9,-9,55,WI,,-9,-9,5
54152,54152,7.3,2,54165,2,2,1,4,1,1,3,1,1,4,1,1,3,1,-9,-9,55,WI,,-9,-9,1
54153,54153,7.3,1,54153,2,2,2,1,2,1,1,2,2,1,2,1,1,2,-9,-9,55,WI,,-9,-9,5
54154,54154,7.3,1,54154,2,2,2,2,1,2,2,1,2,2,1,2,2,1,-9,-9,55,WI,,-9,-9,5
54155,54155,1,1,54155,-1,-1,0,-1,1,0,-1,1,0,-1,1,0,-1,1,-9,-9,55,WI,,-9,-9,5
54156,54156,10.5,1,54156,2,2,5,1,2,5,1,2,5,1,2,5,1,2,-9,-9,55,WI,,-9,-9,5
54157,54157,5,1,54157,2,2,3,1,2,3,1,2,3,1,2,3,1,2,-9,-9,55,WI,,-9,-9,5
54159,54159,5,1,54159,2,2,4,1,2,3,1,2,4,1,2,3,1,2,-9,-9,55,WI,,-9,-9,5
54160,54160,7,2,53014,2,2,1,2,1,1,1,1,1,2,1,1,1,1,-9,-9,55,WI,,-9,-9,1
54161,54161,10.5,1,54161,2,2,3,2,2,2,1,2,3,2,2,2,1,2,-9,-9,55,WI,,-9,-9,5
54162,54162,2,1,54162,2,2,1,4,1,1,3,1,1,4,1,1,3,1,-9,-9,55,WI,,-9,-9,5
54165,54165,7.3,1,54165,2,2,1,4,1,1,3,1,1,4,1,1,3,1,-9,-9,55,WI,,-9,-9,5
54166,54166,7,1,54166,2,2,2,5,1,2,4,1,2,5,1,2,4,1,-9,-9,55,WI,,-9,-9,5
54169,54169,1,1,54169,-1,-1,0,-1,1,0,-1,1,0,-1,1,0,-1,1,-9,-9,55,WI,,-9,-9,5
54170,54170,2,1,54170,2,2,1,4,1,1,3,1,1,4,1,1,3,1,-9,-9,55,WI,,-9,-9,5
54171,54171,2,1,54171,2,2,1,3,1,1,2,1,1,3,1,1,2,1,-9,-9,55,WI,,-9,-9,5
54173,54173,1,1,54173,-1,-1,0,-1,1,0,-1,1,0,-1,1,0,-1,1,-9,-9,55,WI,,-9,-9,5
54174,54174,10.4,1,54174,2,2,3,3,2,2,2,2,3,3,2,2,2,2,-9,-9,55,WI,,-9,-9,5
54175,54175,10,1,54175,2,2,6,5,2,4,4,2,6,5,2,4,4,2,-9,-9,55,WI,,-9,-9,5
54177,54177,10.5,1,54177,2,2,4,2,2,4,2,2,4,2,2,4,2,2,-9,-9,55,WI,,-9,-9,5
54180,54180,2.1,1,54180,2,2,1,3,1,1,2,1,1,3,1,1,2,1,-9,-9,55,WI,,-9,-9,5
54182,54182,3,2,54107,2,2,1,4,1,1,3,1,1,4,1,1,3,1,-9,-9,55,WI,,-9,-9,1
54201,54201,7.3,1,54201,2,2,3,3,1,1,2,1,3,3,1,1,2,1,-9,-9,55,WI,,-9,-9,5
54202,54202,10.6,1,54202,2,2,6,6,1,4,5,1,6,6,1,4,5,1,-9,-9,55,WI,,-9,-9,5
54204,54204,8.3,1,54204,2,2,2,4,1,1,3,1,2,4,1,1,3,1,-9,-9,55,WI,,-9,-9,5
54205,54205,2,1,54205,2,2,2,3,1,1,2,1,2,3,1,1,2,1,-9,-9,55,WI,,-9,-9,5
54207,54207,10.5,2,54230,2,2,1,1,2,1,1,2,1,1,2,1,1,2,-9,-9,55,WI,,-9,-9,1
54208,54208,2,1,54208,2,2,1,1,1,1,1,1,1,1,1,1,1,1,-9,-9,55,WI,,-9,-9,5
54209,54209,10.6,1,54209,2,2,5,6,1,3,4,1,5,6,1,3,4,1,-9,-9,55,WI,,-9,-9,5
54210,54210,10,1,54210,2,2,6,6,1,5,6,1,6,6,1,5,6,1,-9,-9,55,WI,,-9,-9,4
54211,54211,10,2,54234,2,2,6,6,1,4,5,1,6,6,1,4,5,1,-9,-9,55,WI,,-9,-9,1
54212,54212,10,1,54212,2,2,6,6,1,4,5,1,6,6,1,4,5,1,-9,-9,55,WI,,-9,-9,4
54213,54213,8,1,54213,2,2,3,4,1,2,3,1,3,4,1,2,3,1,-9,-9,55,WI,,-9,-9,5
54214,54214,4,2,54220,2,-1,1,0,2,1,0,2,1,0,2,1,0,2,-9,-9,55,WI,,-9,-9,1
54215,54215,5,2,54247,2,2,2,1,2,2,1,2,2,1,2,2,1,2,-9,-9,55,WI,,-9,-9,1
54216,54216,10.4,1,54216,2,2,1,2,1,1,1,1,1,2,1,1,1,1,-9,-9,55,WI,,-9,-9,5
54217,54217,2,1,54217,2,2,1,2,1,1,2,1,1,2,1,1,2,1,-9,-9,55,WI,,-9,-9,5
54220,54220,4,1,54220,2,-1,1,0,2,1,0,2,1,0,2,1,0,2,-9,-9,55,WI,,-9,-9,5
54221,54221,4,2,54220,2,-1,1,0,2,1,0,2,1,0,2,1,0,2,-9,-9,55,WI,,-9,-9,1
54226,54226,7,2,54235,2,2,4,5,1,2,3,1,4,5,1,2,3,1,-9,-9,55,WI,,-9,-9,1
54227,54227,5.2,1,54227,2,2,1,1,2,1,1,2,1,1,2,1,1,2,-9,-9,55,WI,,-9,-9,5
54228,54228,5,1,54228,2,2,2,1,2,1,1,2,2,1,2,1,1,2,-9,-9,55,WI,,-9,-9,5
54229,54229,2,1,54229,2,2,1,3,1,1,2,1,1,3,1,1,2,1,-9,-9,55,WI,,-9,-9,5
54230,54230,10.5,1,54230,2,2,1,1,2,1,1,2,1,1,2,1,1,2,-9,-9,55,WI,,-9,-9,5
54232,54232,7.3,2,53042,2,2,1,2,1,1,1,1,1,2,1,1,1,1,-9,-9,55,WI,,-9,-9,1
54234,54234,10,1,54234,2,2,6,6,1,4,5,1,6,6,1,4,5,1,-9,-9,55,WI,,-9,-9,5
54235,54235,7,1,54235,2,2,4,5,1,2,3,1,4,5,1,2,3,1,-9,-9,55,WI,,-9,-9,5
54240,54240,2,2,54208,2,2,1,1,1,1,1,1,1,1,1,1,1,1,-9,-9,55,WI,,-9,-9,1
54241,54241,4,1,54241,2,-1,2,0,2,2,0,2,2,0,2,2,0,2,-9,-9,55,WI,,-9,-9,5
54245,54245,5,1,54245,2,2,2,1,2,2,1,2,2,1,2,2,1,2,-9,-9,55,WI,,-9,-9,5
54246,54246,10,1,54246,2,2,6,6,1,6,6,1,6,6,1,6,6,1,-9,-9,55,WI,,-9,-9,4
54247,54247,5,1,54247,2,2,2,1,2,2,1,2,2,1,2,2,1,2,-9,-9,55,WI,,-9,-9,5
54301,54301,1,1,54301,-1,-1,0,-1,1,0,-1,1,0,-1,1,0,-1,1,-9,-9,55,WI,,-9,-9,5
54302,54302,1,1,54302,-1,-1,0,-1,1,0,-1,1,0,-1,1,0,-1,1,-9,-9,55,WI,,-9,-9,5
54303,54303,1,1,54303,-1,-1,0,-1,1,0,-1,1,0,-1,1,0,-1,1,-9,-9,55,WI,,-9,-9,5
54304,54304,1,1,54304,-1,-1,0,-1,1,0,-1,1,0,-1,1,0,-1,1,-9,-9,55,WI,,-9,-9,5
54305,54305,1,2,54303,-1,-1,0,-1,1,0,-1,1,0,-1,1,0,-1,1,-9,-9,55,WI,,-9,-9,1
54306,54306,1,2,54303,-1,-1,0,-1,1,0,-1,1,0,-1,1,0,-1,1,-9,-9,55,WI,,-9,-9,1
54307,54307,1,2,54303,-1,-1,0,-1,1,0,-1,1,0,-1,1,0,-1,1,-9,-9,55,WI,,-9,-9,1
54308,54308,1,2,54302,-1,-1,0,-1,1,0,-1,1,0,-1,1,0,-1,1,-9,-9,55,WI,,-9,-9,1
54311,54311,1,1,54311,-1,-1,0,-1,1,0,-1,1,0,-1,1,0,-1,1,-9,-9,55,WI,,-9,-9,5
54313,54313,1,1,54313,-1,-1,0,-1,1,0,-1,1,0,-1,1,0,-1,1,-9,-9,55,WI,,-9,-9,5
54324,54324,1,2,54304,-1,-1,0,-1,1,0,-1,1,0,-1,1,0,-1,1,-9,-9,55,WI,,-9,-9,1
54344,54344,1,2,54115,-1,-1,0,-1,1,0,-1,1,0,-1,1,0,-1,1,-9,-9,55,WI,,-9,-9,1
54401,54401,1,1,54401,-1,-1,0,-1,1,0,-1,1,0,-1,1,0,-1,1,-9,-9,55,WI,,-9,-9,5
54402,54402,1,2,54403,-1,-1,0,-1,1,0,-1,1,0,-1,1,0,-1,1,-9,-9,55,WI,,-9,-9,1
54403,54403,1,1,54403,-1,-1,0,-1,1,0,-1,1,0,-1,1,0,-1,1,-9,-9,55,WI,,-9,-9,5
54404,54404,4,2,54449,2,-1,3,0,2,2,0,2,3,0,2,2,0,2,-9,-9,55,WI,,-9,-9,1
54405,54405,7,1,54405,2,2,3,2,2,2,1,2,3,2,2,2,1,2,-9,-9,55,WI,,-9,-9,5
54406,54406,5,1,54406,2,2,2,1,2,2,1,2,2,1,2,2,1,2,-9,-9,55,WI,,-9,-9,5
54407,54407,5,1,54407,2,2,2,1,2,2,1,2,2,1,2,2,1,2,-9,-9,55,WI,,-9,-9,5
54408,54408,2,1,54408,2,2,2,3,1,1,2,1,2,3,1,1,2,1,-9,-9,55,WI,,-9,-9,5
54409,54409,7,1,54409,2,2,3,2,2,2,2,2,3,2,2,2,2,2,-9,-9,55,WI,,-9,-9,5
54410,54410,10.2,1,54410,2,2,3,1,2,2,1,2,3,1,2,2,1,2,-9,-9,55,WI,,-9,-9,5
54411,54411,2,1,54411,2,2,2,2,1,1,1,1,2,2,1,1,1,1,-9,-9,55,WI,,-9,-9,5
54412,54412,10.2,1,54412,2,2,2,1,2,1,1,2,2,1,2,1,1,2,-9,-9,55,WI,,-9,-9,5
54413,54413,6,1,54413,2,2,5,1,2,3,1,2,5,1,2,3,1,2,-9,-9,55,WI,,-9,-9,3
54414,54414,10.1,1,54414,2,2,2,3,1,1,2,1,2,3,1,1,2,1,-9,-9,55,WI,,-9,-9,5
54415,54415,10.2,2,54454,2,2,2,1,2,1,1,2,2,1,2,1,1,2,-9,-9,55,WI,,-9,-9,1
54416,54416,10,1,54416,2,2,3,5,1,2,3,1,3,5,1,2,3,1,-9,-9,55,WI,,-9,-9,5
54417,54417,1,2,54403,-1,-1,0,-1,1,0,-1,1,0,-1,1,0,-1,1,-9,-9,55,WI,,-9,-9,1
54418,54418,8,1,54418,2,2,4,3,2,2,2,2,4,3,2,2,2,2,-9,-9,55,WI,,-9,-9,5
54420,54420,10.5,1,54420,2,2,4,1,2,3,1,2,4,1,2,3,1,2,-9,-9,55,WI,,-9,-9,5
54421,54421,10.6,1,54421,2,2,3,1,2,2,1,2,3,1,2,2,1,2,-9,-9,55,WI,,-9,-9,5
54422,54422,10.6,1,54422,2,2,3,2,2,2,2,2,3,2,2,2,2,2,-9,-9,55,WI,,-9,-9,5
54423,54423,5,1,54423,2,2,2,1,2,1,1,2,2,1,2,1,1,2,-9,-9,55,WI,,-9,-9,5
54424,54424,8,1,54424,2,2,4,2,2,3,2,2,4,2,2,3,2,2,-9,-9,55,WI,,-9,-9,5
54425,54425,7,1,54425,2,2,3,2,2,2,1,2,3,2,2,2,1,2,-9,-9,55,WI,,-9,-9,5
54426,54426,2,1,54426,2,2,1,2,1,1,1,1,1,2,1,1,1,1,-9,-9,55,WI,,-9,-9,5
54427,54427,2,1,54427,2,2,1,3,1,1,2,1,1,3,1,1,2,1,-9,-9,55,WI,,-9,-9,5
54428,54428,10.6,1,54428,2,2,5,3,2,3,3,2,5,3,2,3,3,2,-9,-9,55,WI,,-9,-9,5
54429,54429,10.1,2,54499,2,2,2,3,1,1,2,1,2,3,1,1,2,1,-9,-9,55,WI,,-9,-9,1
54430,54430,8,1,54430,2,2,4,4,2,3,2,2,4,4,2,3,2,2,-9,-9,55,WI,,-9,-9,3
54432,54432,10.1,2,54499,2,2,2,3,1,1,2,1,2,3,1,1,2,1,-9,-9,55,WI,,-9,-9,1
54433,54433,10.6,1,54433,2,2,3,5,1,3,4,1,3,5,1,3,4,1,-9,-9,55,WI,,-9,-9,5
54434,54434,10.6,2,54433,2,2,3,5,1,3,4,1,3,5,1,3,4,1,-9,-9,55,WI,,-9,-9,1
54435,54435,5.2,1,54435,2,2,2,1,2,2,1,2,2,1,2,2,1,2,-9,-9,55,WI,,-9,-9,5
54436,54436,10.5,1,54436,2,2,4,1,2,3,1,2,4,1,2,3,1,2,-9,-9,55,WI,,-9,-9,5
54437,54437,10,1,54437,2,2,4,2,2,3,1,2,4,2,2,3,1,2,-9,-9,55,WI,,-9,-9,5
54439,54439,10.6,2,54433,2,2,3,5,1,3,4,1,3,5,1,3,4,1,-9,-9,55,WI,,-9,-9,1
54440,54440,2,1,54440,2,2,1,3,1,1,1,1,1,3,1,1,1,1,-9,-9,55,WI,,-9,-9,5
54441,54441,4,1,54441,2,-1,3,0,2,2,0,2,3,0,2,2,0,2,-9,-9,55,WI,,-9,-9,4
54442,54442,5.2,1,54442,2,2,2,1,2,2,1,2,2,1,2,2,1,2,-9,-9,55,WI,,-9,-9,5
54443,54443,5,1,54443,2,2,1,1,2,1,1,2,1,1,2,1,1,2,-9,-9,55,WI,,-9,-9,5
54446,54446,10.5,1,54446,2,2,4,1,2,4,1,2,4,1,2,4,1,2,-9,-9,55,WI,,-9,-9,5
54447,54447,10.6,1,54447,2,2,3,4,1,2,3,1,3,4,1,2,3,1,-9,-9,55,WI,,-9,-9,4
54448,54448,2,1,54448,2,2,1,2,1,1,1,1,1,2,1,1,1,1,-9,-9,55,WI,,-9,-9,5
54449,54449,4,1,54449,2,-1,3,0,2,2,0,2,3,0,2,2,0,2,-9,-9,55,WI,,-9,-9,5
54450,54450,7,2,54409,2,2,3,2,2,2,2,2,3,2,2,2,2,2,-9,-9,55,WI,,-9,-9,1
54451,54451,7,1,54451,2,2,4,3,2,3,2,2,4,3,2,3,2,2,-9,-9,55,WI,,-9,-9,5
54452,54452,4.2,1,54452,2,-1,1,0,2,1,0,2,1,0,2,1,0,2,-9,-9,55,WI,,-9,-9,5
54454,54454,10.2,1,54454,2,2,2,1,2,1,1,2,2,1,2,1,1,2,-9,-9,55,WI,,-9,-9,5
54455,54455,1,1,54455,-1,-1,0,-1,1,0,-1,1,0,-1,1,0,-1,1,-9,-9,55,WI,,-9,-9,5
54456,54456,10,1,54456,2,2,4,2,2,3,1,2,4,2,2,3,1,2,-9,-9,55,WI,,-9,-9,5
54457,54457,5,1,54457,2,2,4,1,2,3,1,2,4,1,2,3,1,2,-9,-9,55,WI,,-9,-9,5
54458,54458,5,2,54407,2,2,2,1,2,2,1,2,2,1,2,2,1,2,-9,-9,55,WI,,-9,-9,1
54459,54459,10,1,54459,2,2,5,4,2,4,3,2,5,4,2,4,3,2,-9,-9,55,WI,,-9,-9,5
54460,54460,10.6,1,54460,2,2,3,2,2,2,2,2,3,2,2,2,2,2,-9,-9,55,WI,,-9,-9,5
54462,54462,10.6,1,54462,2,2,5,4,2,4,3,2,5,4,2,4,3,2,-9,-9,55,WI,,-9,-9,3
54463,54463,8,1,54463,2,2,4,3,2,3,2,2,4,3,2,3,2,2,-9,-9,55,WI,,-9,-9,4
54464,54464,7,2,54409,2,2,3,2,2,2,2,2,3,2,2,2,2,2,-9,-9,55,WI,,-9,-9,1
54465,54465,10.6,1,54465,2,2,5,4,2,3,3,2,5,4,2,3,3,2,-9,-9,55,WI,,-9,-9,4
54466,54466,6,1,54466,2,2,4,1,2,3,1,2,4,1,2,3,1,2,-9,-9,55,WI,,-9,-9,5
54467,54467,4,1,54467,2,-1,2,0,2,1,0,2,2,0,2,1,0,2,-9,-9,55,WI,,-9,-9,5
54469,54469,4,1,54469,2,-1,3,0,2,2,0,2,3,0,2,2,0,2,-9,-9,55,WI,,-9,-9,5
54470,54470,8,1,54470,2,2,4,2,2,3,2,2,4,2,2,3,2,2,-9,-9,55,WI,,-9,-9,5
54471,54471,2,1,54471,2,2,1,2,1,1,2,1,1,2,1,1,2,1,-9,-9,55,WI,,-9,-9,5
54472,54472,4,2,54449,2,-1,3,0,2,2,0,2,3,0,2,2,0,2,-9,-9,55,WI,,-9,-9,1
54473,54473,5,1,54473,2,2,2,1,2,2,1,2,2,1,2,2,1,2,-9,-9,55,WI,,-9,-9,5
54474,54474,1,1,54474,-1,-1,0,-1,1,0,-1,1,0,-1,1,0,-1,1,-9,-9,55,WI,,-9,-9,5
54475,54475,4,1,54475,2,-1,2,0,2,1,0,2,2,0,2,1,0,2,-9,-9,55,WI,,-9,-9,5
54476,54476,1,1,54476,-1,-1,0,-1,1,0,-1,1,0,-1,1,0,-1,1,-9,-9,55,WI,,-9,-9,5
54479,54479,5,1,54479,2,2,3,1,2,2,1,2,3,1,2,2,1,2,-9,-9,55,WI,,-9,-9,5
54480,54480,8,1,54480,2,2,3,2,2,2,2,2,3,2,2,2,2,2,-9,-9,55,WI,,-9,-9,5
54481,54481,4,1,54481,2,-1,1,0,2,1,0,2,1,0,2,1,0,2,-9,-9,55,WI,,-9,-9,5
54484,54484,5,1,54484,2,2,2,1,2,1,1,2,2,1,2,1,1,2,-9,-9,55,WI,,-9,-9,5
54485,54485,10.6,1,54485,2,2,4,3,2,3,2,2,4,3,2,3,2,2,-9,-9,55,WI,,-9,-9,3
54486,54486,10,1,54486,2,2,2,3,1,2,2,1,2,3,1,2,2,1,-9,-9,55,WI,,-9,-9,5
54487,54487,7.4,1,54487,2,2,3,1,2,2,1,2,3,1,2,2,1,2,-9,-9,55,WI,,-9,-9,5
54488,54488,10.5,1,54488,2,2,3,1,2,2,1,2,3,1,2,2,1,2,-9,-9,55,WI,,-9,-9,5
54489,54489,5,1,54489,2,2,3,1,2,2,1,2,3,1,2,2,1,2,-9,-9,55,WI,,-9,-9,5
54490,54490,8,1,54490,2,2,5,3,2,4,2,2,5,3,2,4,2,2,-9,-9,55,WI,,-9,-9,4
54491,54491,10.6,1,54491,2,2,5,4,2,3,3,2,5,4,2,3,3,2,-9,-9,55,WI,,-9,-9,5
54492,54492,4,2,54467,2,-1,2,0,2,1,0,2,2,0,2,1,0,2,-9,-9,55,WI,,-9,-9,1
54493,54493,10,1,54493,2,2,3,3,2,3,2,2,3,3,2,3,2,2,-9,-9,55,WI,,-9,-9,4
54494,54494,4,1,54494,2,-1,3,0,2,3,0,2,3,0,2,3,0,2,-9,-9,55,WI,,-9,-9,5
54495,54495,4,1,54495,2,-1,3,0,2,2,0,2,3,0,2,2,0,2,-9,-9,55,WI,,-9,-9,5
54498,54498,10.6,1,54498,2,2,3,3,1,3,2,2,3,3,1,3,2,2,-9,-9,55,WI,,-9,-9,5
54499,54499,10.1,1,54499,2,2,2,3,1,1,2,1,2,3,1,1,2,1,-9,-9,55,WI,,-9,-9,5
54501,54501,8,1,54501,2,2,4,3,2,4,2,2,4,3,2,4,2,2,-9,-9,55,WI,,-9,-9,5
54511,54511,10,1,54511,2,2,6,4,2,5,3,2,6,4,2,5,3,2,-9,-9,55,WI,,-9,-9,5
54512,54512,10,1,54512,2,2,6,5,2,5,4,2,6,5,2,5,4,2,-9,-9,55,WI,,-9,-9,4
54513,54513,10,1,54513,2,2,4,3,2,4,3,2,4,3,2,4,3,2,-9,-9,55,WI,,-9,-9,3
54514,54514,10,1,54514,2,2,6,6,2,6,6,2,6,6,2,6,6,2,-9,-9,55,WI,,-9,-9,5
54515,54515,10,1,54515,2,2,6,5,2,5,4,2,6,5,2,5,4,2,-9,-9,55,WI,,-9,-9,4
54517,54517,8,1,54517,2,2,6,6,1,6,6,1,6,6,1,6,6,1,-9,-9,55,WI,,-9,-9,2
54519,54519,10,1,54519,2,2,6,6,2,6,4,2,6,6,2,6,4,2,-9,-9,55,WI,,-9,-9,5
54520,54520,10,1,54520,2,2,6,4,2,4,4,2,6,4,2,4,4,2,-9,-9,55,WI,,-9,-9,5
54521,54521,10,1,54521,2,2,6,5,2,5,4,2,6,5,2,5,4,2,-9,-9,55,WI,,-9,-9,5
54524,54524,10,1,54524,2,2,6,6,2,6,5,2,6,6,2,6,5,2,-9,-9,55,WI,,-9,-9,4
54525,54525,7,2,54550,2,2,6,6,2,6,6,1,6,6,2,6,6,1,-9,-9,55,WI,,-9,-9,1
54526,54526,8,1,54526,2,2,5,6,1,4,5,1,5,6,1,4,5,1,-9,-9,55,WI,,-9,-9,4
54527,54527,10,1,54527,2,2,6,6,2,6,6,2,6,6,2,6,6,2,-9,-9,55,WI,,-9,-9,4
54529,54529,10,1,54529,2,2,4,3,2,3,2,2,4,3,2,3,2,2,-9,-9,55,WI,,-9,-9,5
54530,54530,8,1,54530,2,2,5,5,1,4,5,1,5,5,1,4,5,1,-9,-9,55,WI,,-9,-9,4
54531,54531,10,1,54531,2,2,4,3,2,4,3,2,4,3,2,4,3,2,-9,-9,55,WI,,-9,-9,5
54532,54532,7.4,2,54487,2,2,3,1,2,2,1,2,3,1,2,2,1,2,-9,-9,55,WI,,-9,-9,1
54534,54534,7,1,54534,2,2,6,6,2,6,6,1,6,6,2,6,6,1,-9,-9,55,WI,,-9,-9,5
54536,54536,8,1,54536,2,2,6,6,2,6,6,1,6,6,2,6,6,1,-9,-9,55,WI,,-9,-9,3
54537,54537,10,1,54537,2,2,6,5,2,5,4,2,6,5,2,5,4,2,-9,-9,55,WI,,-9,-9,4
54538,54538,10,1,54538,2,2,6,5,2,5,4,2,6,5,2,5,4,2,-9,-9,55,WI,,-9,-9,5
54539,54539,10,1,54539,2,2,5,3,2,4,3,2,5,3,2,4,3,2,-9,-9,55,WI,,-9,-9,5
54540,54540,10,1,54540,2,2,6,6,2,6,5,2,6,6,2,6,5,2,-9,-9,55,WI,,-9,-9,5
54541,54541,10,1,54541,2,2,6,3,2,5,3,2,6,3,2,5,3,2,-9,-9,55,WI,,-9,-9,5
54542,54542,10,1,54542,2,2,6,3,2,6,2,2,6,3,2,6,2,2,-9,-9,55,WI,,-9,-9,4
54543,54543,8,2,54501,2,2,4,3,2,4,2,2,4,3,2,4,2,2,-9,-9,55,WI,,-9,-9,1
54545,54545,10,1,54545,2,2,6,5,2,6,4,2,6,5,2,6,4,2,-9,-9,55,WI,,-9,-9,4
54546,54546,10.6,1,54546,2,2,6,6,1,5,6,1,6,6,1,5,6,1,-9,-9,55,WI,,-9,-9,5
54547,54547,10,1,54547,2,2,6,6,2,6,5,2,6,6,2,6,5,2,-9,-9,55,WI,,-9,-9,5
54548,54548,10,1,54548,2,2,5,4,2,4,3,2,5,4,2,4,3,2,-9,-9,55,WI,,-9,-9,5
54550,54550,7,1,54550,2,2,6,6,2,6,6,1,6,6,2,6,6,1,-9,-9,55,WI,,-9,-9,4
54552,54552,10,1,54552,2,2,6,6,2,6,5,2,6,6,2,6,5,2,-9,-9,55,WI,,-9,-9,5
54554,54554,10,1,54554,2,2,6,5,2,6,4,2,6,5,2,6,4,2,-9,-9,55,WI,,-9,-9,5
54555,54555,10,1,54555,2,2,6,5,2,5,4,2,6,5,2,5,4,2,-9,-9,55,WI,,-9,-9,5
54556,54556,10,1,54556,2,2,5,4,2,4,3,2,5,4,2,4,3,2,-9,-9,55,WI,,-9,-9,5
54557,54557,10,1,54557,2,2,6,6,2,6,5,2,6,6,2,6,5,2,-9,-9,55,WI,,-9,-9,4
54558,54558,10,1,54558,2,2,6,5,2,5,4,2,6,5,2,5,4,2,-9,-9,55,WI,,-9,-9,5
54559,54559,8,1,54559,2,2,6,6,1,6,6,1,6,6,1,6,6,1,-9,-9,55,WI,,-9,-9,4
54560,54560,10,1,54560,2,2,6,5,2,5,4,2,6,5,2,5,4,2,-9,-9,55,WI,,-9,-9,4
54561,54561,10,2,54521,2,2,6,5,2,5,4,2,6,5,2,5,4,2,-9,-9,55,WI,,-9,-9,1
54562,54562,8,1,54562,2,2,6,5,2,5,4,2,6,5,2,5,4,2,-9,-9,55,WI,,-9,-9,5
54563,54563,8,1,54563,2,2,4,6,1,3,5,1,4,6,1,3,5,1,-9,-9,55,WI,,-9,-9,4
54564,54564,10,1,54564,2,2,4,3,2,4,2,2,4,3,2,4,2,2,-9,-9,55,WI,,-9,-9,3
54565,54565,8,1,54565,2,2,6,6,1,6,6,1,6,6,1,6,6,1,-9,-9,55,WI,,-9,-9,2
54566,54566,10,1,54566,2,2,6,4,2,4,3,2,6,4,2,4,3,2,-9,-9,55,WI,,-9,-9,5
54568,54568,10,1,54568,2,2,5,4,2,4,3,2,5,4,2,4,3,2,-9,-9,55,WI,,-9,-9,5
54601,54601,1,1,54601,-1,-1,0,-1,1,0,-1,1,0,-1,1,0,-1,1,-9,-9,55,WI,,-9,-9,5
54602,54602,1,2,54601,-1,-1,0,-1,1,0,-1,1,0,-1,1,0,-1,1,-9,-9,55,WI,,-9,-9,1
54603,54603,1,1,54603,-1,-1,0,-1,1,0,-1,1,0,-1,1,0,-1,1,-9,-9,55,WI,,-9,-9,5
54610,54610,10,1,54610,2,2,4,3,2,3,2,2,4,3,2,3,2,2,-9,-9,55,WI,,-9,-9,5
54611,54611,8,1,54611,2,2,3,4,1,2,3,1,3,4,1,2,3,1,-9,-9,55,WI,,-9,-9,5
54612,54612,10,1,54612,2,2,2,2,2,2,1,2,2,2,2,2,1,2,-9,-9,55,WI,,-9,-9,5
54613,54613,10,1,54613,2,2,5,2,2,5,1,2,5,2,2,5,1,2,-9,-9,55,WI,,-9,-9,5
54614,54614,2,1,54614,2,2,1,3,1,1,2,1,1,3,1,1,2,1,-9,-9,55,WI,,-9,-9,5
54615,54615,7,1,54615,2,2,3,3,1,2,3,1,3,3,1,2,3,1,-9,-9,55,WI,,-9,-9,5
54616,54616,10,1,54616,2,2,2,3,1,1,2,1,2,3,1,1,2,1,-9,-9,55,WI,,-9,-9,5
54618,54618,10.6,1,54618,2,2,3,3,1,3,3,1,3,3,1,3,3,1,-9,-9,55,WI,,-9,-9,5
54619,54619,10.6,1,54619,2,2,2,4,1,2,4,1,2,4,1,2,4,1,-9,-9,55,WI,,-9,-9,5
54620,54620,7.3,2,54656,2,2,1,3,1,1,3,1,1,3,1,1,3,1,-9,-9,55,WI,,-9,-9,1
54621,54621,2,1,54621,2,2,1,3,1,1,3,1,1,3,1,1,3,1,-9,-9,55,WI,,-9,-9,5
54622,54622,6,1,54622,2,2,3,1,2,2,1,2,3,1,2,2,1,2,-9,-9,55,WI,,-9,-9,5
54623,54623,2,1,54623,2,2,1,3,1,1,3,1,1,3,1,1,3,1,-9,-9,55,WI,,-9,-9,5
54624,54624,2,1,54624,2,2,2,4,1,1,3,1,2,4,1,1,3,1,-9,-9,55,WI,,-9,-9,5
54625,54625,3,1,54625,2,2,2,1,2,1,1,2,2,1,2,1,1,2,-9,-9,55,WI,,-9,-9,3
54626,54626,10.6,1,54626,2,2,4,5,1,4,4,1,4,5,1,4,4,1,-9,-9,55,WI,,-9,-9,5
54627,54627,10.4,1,54627,2,2,1,2,1,1,1,1,1,2,1,1,1,1,-9,-9,55,WI,,-9,-9,5
54628,54628,10.6,1,54628,2,2,3,6,1,2,4,1,3,6,1,2,4,1,-9,-9,55,WI,,-9,-9,5
54629,54629,5,1,54629,2,2,2,1,2,2,1,2,2,1,2,2,1,2,-9,-9,55,WI,,-9,-9,5
54630,54630,10.4,1,54630,2,2,1,1,1,1,1,1,1,1,1,1,1,1,-9,-9,55,WI,,-9,-9,5
54631,54631,10,1,54631,2,2,4,4,1,3,4,1,4,4,1,3,4,1,-9,-9,55,WI,,-9,-9,5
54632,54632,2,1,54632,2,2,2,4,1,1,3,1,2,4,1,1,3,1,-9,-9,55,WI,,-9,-9,5
54634,54634,10,1,54634,2,2,5,4,2,3,2,2,5,4,2,3,2,2,-9,-9,55,WI,,-9,-9,5
54635,54635,9,1,54635,2,2,3,4,1,2,3,1,3,4,1,2,3,1,-9,-9,55,WI,,-9,-9,5
54636,54636,1,1,54636,-1,-1,0,-1,1,0,-1,1,0,-1,1,0,-1,1,-9,-9,55,WI,,-9,-9,5
54637,54637,10.6,2,53950,2,2,4,2,2,4,2,2,4,2,2,4,2,2,-9,-9,55,WI,,-9,-9,1
54638,54638,8,1,54638,2,2,4,4,1,3,3,2,4,4,1,3,3,2,-9,-9,55,WI,,-9,-9,5
54639,54639,10,1,54639,2,2,3,5,1,3,4,1,3,5,1,3,4,1,-9,-9,55,WI,,-9,-9,5
54640,54640,10.6,2,54626,2,2,4,5,1,4,4,1,4,5,1,4,4,1,-9,-9,55,WI,,-9,-9,1
54641,54641,10.6,1,54641,2,2,4,2,2,3,2,2,4,2,2,3,2,2,-9,-9,55,WI,,-9,-9,2
54642,54642,8,1,54642,2,2,2,3,1,1,2,1,2,3,1,1,2,1,-9,-9,55,WI,,-9,-9,5
54643,54643,7,2,54615,2,2,3,3,1,2,3,1,3,3,1,2,3,1,-9,-9,55,WI,,-9,-9,1
54644,54644,2,1,54644,2,2,2,3,1,1,2,1,2,3,1,1,2,1,-9,-9,55,WI,,-9,-9,5
54645,54645,10,2,54631,2,2,4,4,1,3,4,1,4,4,1,3,4,1,-9,-9,55,WI,,-9,-9,1
54646,54646,10.6,1,54646,2,2,4,2,2,4,2,2,4,2,2,4,2,2,-9,-9,55,WI,,-9,-9,5
54648,54648,10.6,1,54648,2,2,3,4,1,2,4,1,3,4,1,2,4,1,-9,-9,55,WI,,-9,-9,5
54649,54649,7,2,54660,2,2,2,4,1,2,3,1,2,4,1,2,3,1,-9,-9,55,WI,,-9,-9,1
54650,54650,1,1,54650,-1,-1,0,-1,1,0,-1,1,0,-1,1,0,-1,1,-9,-9,55,WI,,-9,-9,5
54651,54651,10,1,54651,2,2,3,5,1,2,3,1,3,5,1,2,3,1,-9,-9,55,WI,,-9,-9,5
54652,54652,10.6,1,54652,2,2,3,4,1,2,4,1,3,4,1,2,4,1,-9,-9,55,WI,,-9,-9,4
54653,54653,2,1,54653,2,2,2,4,1,2,3,1,2,4,1,2,3,1,-9,-9,55,WI,,-9,-9,4
54654,54654,10,2,54631,2,2,4,4,1,3,4,1,4,4,1,3,4,1,-9,-9,55,WI,,-9,-9,1
54655,54655,10,1,54655,2,2,3,4,1,3,3,1,3,4,1,3,3,1,-9,-9,55,WI,,-9,-9,5
54656,54656,7.3,1,54656,2,2,1,3,1,1,3,1,1,3,1,1,3,1,-9,-9,55,WI,,-9,-9,5
54657,54657,10.6,1,54657,2,2,5,4,2,4,3,2,5,4,2,4,3,2,-9,-9,55,WI,,-9,-9,3
54658,54658,2,1,54658,2,2,1,3,1,1,2,1,1,3,1,1,2,1,-9,-9,55,WI,,-9,-9,5
54659,54659,9,1,54659,2,2,3,3,1,2,2,1,3,3,1,2,2,1,-9,-9,55,WI,,-9,-9,5
54660,54660,7,1,54660,2,2,2,4,1,2,3,1,2,4,1,2,3,1,-9,-9,55,WI,,-9,-9,5
54661,54661,3,1,54661,2,2,1,1,1,1,1,1,1,1,1,1,1,1,-9,-9,55,WI,,-9,-9,5
54662,54662,7,2,54660,2,2,2,4,1,2,3,1,2,4,1,2,3,1,-9,-9,55,WI,,-9,-9,1
54664,54664,10.6,1,54664,2,2,3,5,1,3,4,1,3,5,1,3,4,1,-9,-9,55,WI,,-9,-9,5
54665,54665,7,1,54665,2,2,2,4,1,2,4,1,2,4,1,2,4,1,-9,-9,55,WI,,-9,-9,5
54666,54666,8,1,54666,2,2,4,3,2,3,2,2,4,3,2,3,2,2,-9,-9,55,WI,,-9,-9,5
54667,54667,10.4,1,54667,2,2,2,4,1,1,3,1,2,4,1,1,3,1,-9,-9,55,WI,,-9,-9,5
54669,54669,2,1,54669,2,2,1,2,1,1,2,1,1,2,1,1,2,1,-9,-9,55,WI,,-9,-9,5
54670,54670,10.6,1,54670,2,2,3,4,1,3,3,1,3,4,1,3,3,1,-9,-9,55,WI,,-9,-9,5
54701,54701,1,1,54701,-1,-1,0,-1,1,0,-1,1,0,-1,1,0,-1,1,-9,-9,55,WI,,-9,-9,5
54702,54702,1,2,54703,-1,-1,0,-1,1,0,-1,1,0,-1,1,0,-1,1,-9,-9,55,WI,,-9,-9,1
54703,54703,1,1,54703,-1,-1,0,-1,1,0,-1,1,0,-1,1,0,-1,1,-9,-9,55,WI,,-9,-9,5
54720,54720,1,1,54720,-1,-1,0,-1,1,0,-1,1,0,-1,1,0,-1,1,-9,-9,55,WI,,-9,-9,5
54721,54721,10,1,54721,2,2,3,1,2,2,1,2,3,1,2,2,1,2,-9,-9,55,WI,,-9,-9,5
54722,54722,10.4,1,54722,2,2,1,4,1,1,3,1,1,4,1,1,3,1,-9,-9,55,WI,,-9,-9,5
54723,54723,5.2,1,54723,2,2,4,1,2,2,1,2,4,1,2,2,1,2,-9,-9,55,WI,,-9,-9,5
54724,54724,7.1,1,54724,2,2,1,3,1,1,2,1,1,3,1,1,2,1,-9,-9,55,WI,,-9,-9,5
54725,54725,6,1,54725,2,2,3,1,2,2,1,2,3,1,2,2,1,2,-9,-9,55,WI,,-9,-9,5
54726,54726,2,1,54726,2,2,1,3,1,1,3,1,1,3,1,1,3,1,-9,-9,55,WI,,-9,-9,5
54727,54727,2,1,54727,2,2,1,3,1,1,2,1,1,3,1,1,2,1,-9,-9,55,WI,,-9,-9,5
54728,54728,10.6,1,54728,2,2,2,4,1,2,3,1,2,4,1,2,3,1,-9,-9,55,WI,,-9,-9,5
54729,54729,1,1,54729,-1,-1,0,-1,1,0,-1,1,0,-1,1,0,-1,1,-9,-9,55,WI,,-9,-9,5
54730,54730,5,1,54730,2,2,2,1,2,1,1,2,2,1,2,1,1,2,-9,-9,55,WI,,-9,-9,5
54731,54731,8,1,54731,2,2,4,6,1,3,5,1,4,6,1,3,5,1,-9,-9,55,WI,,-9,-9,4
54732,54732,2,1,54732,2,2,2,5,1,2,3,1,2,5,1,2,3,1,-9,-9,55,WI,,-9,-9,5
54733,54733,10.6,1,54733,2,2,3,3,2,3,2,2,3,3,2,3,2,2,-9,-9,55,WI,,-9,-9,5
54734,54734,6,1,54734,2,2,3,1,2,2,1,2,3,1,2,2,1,2,-9,-9,55,WI,,-9,-9,4
54735,54735,4,2,54751,2,-1,2,0,2,1,0,2,2,0,2,1,0,2,-9,-9,55,WI,,-9,-9,1
54736,54736,10.4,1,54736,2,2,3,1,2,2,1,2,3,1,2,2,1,2,-9,-9,55,WI,,-9,-9,5
54737,54737,5,1,54737,2,2,3,1,2,2,1,2,3,1,2,2,1,2,-9,-9,55,WI,,-9,-9,3
54738,54738,2,1,54738,2,2,1,3,1,1,2,1,1,3,1,1,2,1,-9,-9,55,WI,,-9,-9,5
54739,54739,2,1,54739,2,2,1,1,2,1,1,1,1,1,2,1,1,1,-9,-9,55,WI,,-9,-9,5
54740,54740,10.4,1,54740,2,2,3,1,2,2,1,2,3,1,2,2,1,2,-9,-9,55,WI,,-9,-9,5
54741,54741,10.4,1,54741,2,2,2,3,1,1,3,1,2,3,1,1,3,1,-9,-9,55,WI,,-9,-9,5
54742,54742,2,1,54742,2,2,1,3,1,1,2,1,1,3,1,1,2,1,-9,-9,55,WI,,-9,-9,5
54743,54743,10.4,2,54755,2,2,2,2,1,1,2,1,2,2,1,1,2,1,-9,-9,55,WI,,-9,-9,1
54745,54745,3,1,54745,2,2,3,5,1,2,4,1,3,5,1,2,4,1,-9,-9,55,WI,,-9,-9,5
54746,54746,10,1,54746,2,2,3,3,1,2,3,1,3,3,1,2,3,1,-9,-9,55,WI,,-9,-9,4
54747,54747,10,1,54747,2,2,3,3,1,2,2,1,3,3,1,2,2,1,-9,-9,55,WI,,-9,-9,5
54748,54748,2,1,54748,2,2,2,4,1,1,2,1,2,4,1,1,2,1,-9,-9,55,WI,,-9,-9,5
54749,54749,6,1,54749,2,2,2,1,2,2,1,2,2,1,2,2,1,2,-9,-9,55,WI,,-9,-9,5
54750,54750,10.5,1,54750,2,2,4,3,2,3,2,2,4,3,2,3,2,2,-9,-9,55,WI,,-9,-9,5
54751,54751,4,1,54751,2,-1,2,0,2,1,0,2,2,0,2,1,0,2,-9,-9,55,WI,,-9,-9,5
54754,54754,8,1,54754,2,2,3,3,1,3,3,2,3,3,1,3,3,2,-9,-9,55,WI,,-9,-9,5
54755,54755,10.4,1,54755,2,2,2,2,1,1,2,1,2,2,1,1,2,1,-9,-9,55,WI,,-9,-9,5
54756,54756,10,1,54756,2,2,4,3,2,3,2,2,4,3,2,3,2,2,-9,-9,55,WI,,-9,-9,4
54757,54757,3,1,54757,2,2,2,4,1,1,2,1,2,4,1,1,2,1,-9,-9,55,WI,,-9,-9,5
54758,54758,10.4,1,54758,2,2,2,3,1,1,3,1,2,3,1,1,3,1,-9,-9,55,WI,,-9,-9,5
54759,54759,10,1,54759,2,2,4,3,2,3,2,2,4,3,2,3,2,2,-9,-9,55,WI,,-9,-9,5
54760,54760,10.4,2,54758,2,2,2,3,1,1,3,1,2,3,1,1,3,1,-9,-9,55,WI,,-9,-9,1
54761,54761,10.5,1,54761,2,2,3,2,2,2,1,2,3,2,2,2,1,2,-9,-9,55,WI,,-9,-9,5
54762,54762,10.6,1,54762,2,2,4,2,2,3,2,2,4,2,2,3,2,2,-9,-9,55,WI,,-9,-9,5
54763,54763,10.5,1,54763,2,2,3,2,2,2,1,2,3,2,2,2,1,2,-9,-9,55,WI,,-9,-9,5
54764,54764,10.4,2,54755,2,2,2,2,1,1,2,1,2,2,1,1,2,1,-9,-9,55,WI,,-9,-9,1
54765,54765,10.5,1,54765,2,2,2,2,1,1,2,1,2,2,1,1,2,1,-9,-9,55,WI,,-9,-9,3
54766,54766,8,1,54766,2,2,4,6,1,3,4,1,4,6,1,3,4,1,-9,-9,55,WI,,-9,-9,5
54767,54767,10.4,1,54767,2,2,3,1,2,2,1,2,3,1,2,2,1,2,-9,-9,55,WI,,-9,-9,5
54768,54768,10.4,1,54768,2,2,1,4,1,1,3,1,1,4,1,1,3,1,-9,-9,55,WI,,-9,-9,5
54769,54769,10,1,54769,2,2,4,3,2,3,2,2,4,3,2,3,2,2,-9,-9,55,WI,,-9,-9,3
54770,54770,10.4,1,54770,2,2,1,3,1,1,3,1,1,3,1,1,3,1,-9,-9,55,WI,,-9,-9,5
54771,54771,10,1,54771,2,2,2,3,1,2,3,1,2,3,1,2,3,1,-9,-9,55,WI,,-9,-9,5
54772,54772,10.5,1,54772,2,2,3,1,2,2,1,2,3,1,2,2,1,2,-9,-9,55,WI,,-9,-9,5
54773,54773,10,1,54773,2,2,2,3,1,2,2,1,2,3,1,2,2,1,-9,-9,55,WI,,-9,-9,5
54774,54774,1,2,54729,-1,-1,0,-1,1,0,-1,1,0,-1,1,0,-1,1,-9,-9,55,WI,,-9,-9,1
54801,54801,7,1,54801,2,2,5,6,1,5,5,1,5,6,1,5,5,1,-9,-9,55,WI,,-9,-9,5
54805,54805,10.6,1,54805,2,2,4,4,1,3,2,2,4,4,1,3,2,2,-9,-9,55,WI,,-9,-9,5
54806,54806,7,1,54806,2,2,5,6,1,4,6,1,5,6,1,4,6,1,-9,-9,55,WI,,-9,-9,5
54810,54810,3,1,54810,2,2,4,5,1,3,3,1,4,5,1,3,3,1,-9,-9,55,WI,,-9,-9,5
54812,54812,7,1,54812,2,2,3,3,1,3,2,2,3,3,1,3,2,2,-9,-9,55,WI,,-9,-9,5
54813,54813,10,1,54813,2,2,5,5,1,4,4,2,5,5,1,4,4,2,-9,-9,55,WI,,-9,-9,4
54814,54814,10,1,54814,2,2,6,6,1,5,6,1,6,6,1,5,6,1,-9,-9,55,WI,,-9,-9,5
54816,54816,10.3,2,54856,2,2,5,6,1,4,5,1,5,6,1,4,5,1,-9,-9,55,WI,,-9,-9,1
54817,54817,10,1,54817,2,2,5,6,1,4,4,1,5,6,1,4,4,1,-9,-9,55,WI,,-9,-9,5
54818,54818,7,2,54868,2,2,3,4,1,3,3,1,3,4,1,3,3,1,-9,-9,55,WI,,-9,-9,1
54819,54819,10.6,1,54819,2,2,4,6,1,3,4,1,4,6,1,3,4,1,-9,-9,55,WI,,-9,-9,5
54820,54820,2,1,54820,2,2,3,4,1,2,3,1,3,4,1,2,3,1,-9,-9,55,WI,,-9,-9,5
54821,54821,10,1,54821,2,2,6,6,1,4,6,1,6,6,1,4,6,1,-9,-9,55,WI,,-9,-9,5
54822,54822,8,1,54822,2,2,3,4,1,2,3,1,3,4,1,2,3,1,-9,-9,55,WI,,-9,-9,5
54824,54824,10.4,1,54824,2,2,3,5,1,2,3,1,3,5,1,2,3,1,-9,-9,55,WI,,-9,-9,5
54826,54826,10,1,54826,2,2,5,5,1,4,4,2,5,5,1,4,4,2,-9,-9,55,WI,,-9,-9,4
54827,54827,10,1,54827,2,2,6,6,1,4,6,1,6,6,1,4,6,1,-9,-9,55,WI,,-9,-9,3
54828,54828,10,1,54828,2,2,6,6,1,6,6,1,6,6,1,6,6,1,-9,-9,55,WI,,-9,-9,4
54829,54829,10,1,54829,2,2,4,5,1,4,3,2,4,5,1,4,3,2,-9,-9,55,WI,,-9,-9,5
54830,54830,10,1,54830,2,2,6,5,2,3,3,2,6,5,2,3,3,2,-9,-9,55,WI,,-9,-9,5
54832,54832,10.3,1,54832,2,2,5,6,1,4,5,1,5,6,1,4,5,1,-9,-9,55,WI,,-9,-9,3
54834,54834,10,2,54817,2,2,5,6,1,4,4,1,5,6,1,4,4,1,-9,-9,55,WI,,-9,-9,1
54835,54835,10,1,54835,2,2,6,6,1,4,5,1,6,6,1,4,5,1,-9,-9,55,WI,,-9,-9,5
54836,54836,2,1,54836,2,2,1,1,2,1,1,2,1,1,2,1,1,2,-9,-9,55,WI,,-9,-9,5
54837,54837,10,1,54837,2,2,5,6,1,4,4,1,5,6,1,4,4,1,-9,-9,55,WI,,-9,-9,5
54838,54838,2,1,54838,2,2,3,5,1,2,4,1,3,5,1,2,4,1,-9,-9,55,WI,,-9,-9,5
54839,54839,10.3,1,54839,2,2,5,6,1,4,6,1,5,6,1,4,6,1,-9,-9,55,WI,,-9,-9,3
54840,54840,10.4,1,54840,2,2,5,6,1,4,5,1,5,6,1,4,5,1,-9,-9,55,WI,,-9,-9,5
54841,54841,7,2,54868,2,2,3,4,1,3,3,1,3,4,1,3,3,1,-9,-9,55,WI,,-9,-9,1
54842,54842,2,2,54849,2,2,2,4,1,1,3,1,2,4,1,1,3,1,-9,-9,55,WI,,-9,-9,1
54843,54843,10,1,54843,2,2,6,6,1,5,6,1,6,6,1,5,6,1,-9,-9,55,WI,,-9,-9,5
54844,54844,10.4,1,54844,2,2,5,6,1,4,5,1,5,6,1,4,5,1,-9,-9,55,WI,,-9,-9,3
54845,54845,10,1,54845,2,2,6,6,1,5,5,2,6,6,1,5,5,2,-9,-9,55,WI,,-9,-9,3
54846,54846,8,1,54846,2,2,6,6,1,5,6,1,6,6,1,5,6,1,-9,-9,55,WI,,-9,-9,4
54847,54847,10.3,1,54847,2,2,3,5,1,2,4,1,3,5,1,2,4,1,-9,-9,55,WI,,-9,-9,5
54848,54848,7,1,54848,2,2,4,6,1,3,5,1,4,6,1,3,5,1,-9,-9,55,WI,,-9,-9,5
54849,54849,2,1,54849,2,2,2,4,1,1,3,1,2,4,1,1,3,1,-9,-9,55,WI,,-9,-9,5
54850,54850,10.3,1,54850,2,2,6,6,1,5,6,1,6,6,1,5,6,1,-9,-9,55,WI,,-9,-9,3
54853,54853,10,1,54853,2,2,4,6,1,3,4,1,4,6,1,3,4,1,-9,-9,55,WI,,-9,-9,5
54854,54854,2,1,54854,2,2,2,3,1,1,3,1,2,3,1,1,3,1,-9,-9,55,WI,,-9,-9,4
54855,54855,8,1,54855,2,2,6,6,1,5,6,1,6,6,1,5,6,1,-9,-9,55,WI,,-9,-9,4
54856,54856,10.3,1,54856,2,2,5,6,1,4,5,1,5,6,1,4,5,1,-9,-9,55,WI,,-9,-9,5
54857,54857,10,2,54817,2,2,5,6,1,4,4,1,5,6,1,4,4,1,-9,-9,55,WI,,-9,-9,1
54858,54858,10.4,1,54858,2,2,4,5,1,3,3,1,4,5,1,3,3,1,-9,-9,55,WI,,-9,-9,5
54859,54859,10,1,54859,2,2,4,5,1,3,3,1,4,5,1,3,3,1,-9,-9,55,WI,,-9,-9,5
54861,54861,7,2,54806,2,2,5,6,1,4,6,1,5,6,1,4,6,1,-9,-9,55,WI,,-9,-9,1
54862,54862,10,1,54862,2,2,6,6,1,5,6,1,6,6,1,5,6,1,-9,-9,55,WI,,-9,-9,3
54864,54864,2,1,54864,2,2,1,3,1,1,2,1,1,3,1,1,2,1,-9,-9,55,WI,,-9,-9,5
54865,54865,10.4,1,54865,2,2,4,6,1,3,5,1,4,6,1,3,5,1,-9,-9,55,WI,,-9,-9,3
54867,54867,10,1,54867,2,2,6,6,1,5,6,1,6,6,1,5,6,1,-9,-9,55,WI,,-9,-9,3
54868,54868,7,1,54868,2,2,3,4,1,3,3,1,3,4,1,3,3,1,-9,-9,55,WI,,-9,-9,5
54870,54870,7,1,54870,2,2,4,6,1,4,4,1,4,6,1,4,4,1,-9,-9,55,WI,,-9,-9,5
54871,54871,10.6,1,54871,2,2,5,6,1,5,4,2,5,6,1,5,4,2,-9,-9,55,WI,,-9,-9,5
54872,54872,10,1,54872,2,2,6,6,1,4,4,1,6,6,1,4,4,1,-9,-9,55,WI,,-9,-9,5
54873,54873,2,1,54873,2,2,3,5,1,2,4,1,3,5,1,2,4,1,-9,-9,55,WI,,-9,-9,5
54874,54874,2,1,54874,2,2,1,3,1,1,1,1,1,3,1,1,1,1,-9,-9,55,WI,,-9,-9,5
54875,54875,10,1,54875,2,2,5,6,1,4,6,1,5,6,1,4,6,1,-9,-9,55,WI,,-9,-9,5
54876,54876,10,1,54876,2,2,6,6,1,5,6,1,6,6,1,5,6,1,-9,-9,55,WI,,-9,-9,5
54880,54880,1,1,54880,-1,-1,0,-1,1,0,-1,1,0,-1,1,0,-1,1,-9,-9,55,WI,,-9,-9,5
54888,54888,8,1,54888,2,2,5,6,1,4,4,1,5,6,1,4,4,1,-9,-9,55,WI,,-9,-9,5
54889,54889,10.6,1,54889,2,2,4,4,2,4,3,2,4,4,2,4,3,2,-9,-9,55,WI,,-9,-9,5
54890,54890,10,2,54859,2,2,4,5,1,3,3,1,4,5,1,3,3,1,-9,-9,55,WI,,-9,-9,1
54891,54891,10.3,1,54891,2,2,5,6,1,4,6,1,5,6,1,4,6,1,-9,-9,55,WI,,-9,-9,5
54893,54893,10,1,54893,2,2,6,6,2,4,4,2,6,6,2,4,4,2,-9,-9,55,WI,,-9,-9,5
54895,54895,10.6,1,54895,2,2,4,5,1,3,4,1,4,5,1,3,4,1,-9,-9,55,WI,,-9,-9,5
54896,54896,10,1,54896,2,2,6,6,1,5,6,1,6,6,1,5,6,1,-9,-9,55,WI,,-9,-9,5
54901,54901,1,1,54901,-1,-1,0,-1,1,0,-1,1,0,-1,1,0,-1,1,-9,-9,55,WI,,-9,-9,5
54902,54902,1,1,54902,-1,-1,0,-1,1,0,-1,1,0,-1,1,0,-1,1,-9,-9,55,WI,,-9,-9,5
54903,54903,1,2,54902,-1,-1,0,-1,1,0,-1,1,0,-1,1,0,-1,1,-9,-9,55,WI,,-9,-9,1
54904,54904,1,1,54904,-1,-1,0,-1,1,0,-1,1,0,-1,1,0,-1,1,-9,-9,55,WI,,-9,-9,5
54906,54906,1,2,54904,-1,-1,0,-1,1,0,-1,1,0,-1,1,0,-1,1,-9,-9,55,WI,,-9,-9,1
54909,54909,5,1,54909,2,2,3,1,2,3,1,2,3,1,2,3,1,2,-9,-9,55,WI,,-9,-9,5
54911,54911,1,1,54911,-1,-1,0,-1,1,0,-1,1,0,-1,1,0,-1,1,-9,-9,55,WI,,-9,-9,5
54912,54912,1,2,54911,-1,-1,0,-1,1,0,-1,1,0,-1,1,0,-1,1,-9,-9,55,WI,,-9,-9,1
54913,54913,1,1,54913,-1,-1,0,-1,1,0,-1,1,0,-1,1,0,-1,1,-9,-9,55,WI,,-9,-9,5
54914,54914,1,1,54914,-1,-1,0,-1,1,0,-1,1,0,-1,1,0,-1,1,-9,-9,55,WI,,-9,-9,5
54915,54915,1,1,54915,-1,-1,0,-1,1,0,-1,1,0,-1,1,0,-1,1,-9,-9,55,WI,,-9,-9,5
54919,54919,1,2,54913,-1,-1,0,-1,1,0,-1,1,0,-1,1,0,-1,1,-9,-9,55,WI,,-9,-9,1
54921,54921,5,1,54921,2,2,2,1,2,2,1,2,2,1,2,2,1,2,-9,-9,55,WI,,-9,-9,5
54922,54922,2,1,54922,2,2,1,3,1,1,3,1,1,3,1,1,3,1,-9,-9,55,WI,,-9,-9,5
54923,54923,7.3,1,54923,2,2,2,3,1,1,2,1,2,3,1,1,2,1,-9,-9,55,WI,,-9,-9,5
54926,54926,10,2,54486,2,2,2,3,1,2,2,1,2,3,1,2,2,1,-9,-9,55,WI,,-9,-9,1
54927,54927,2,2,54963,2,2,1,3,1,1,3,1,1,3,1,1,3,1,-9,-9,55,WI,,-9,-9,1
54928,54928,9,1,54928,2,2,3,4,1,2,3,1,3,4,1,2,3,1,-9,-9,55,WI,,-9,-9,3
54929,54929,7,1,54929,2,2,2,4,1,2,3,1,2,4,1,2,3,1,-9,-9,55,WI,,-9,-9,5
54930,54930,10,1,54930,2,2,3,2,2,3,2,2,3,2,2,3,2,2,-9,-9,55,WI,,-9,-9,5
54931,54931,2,2,54944,2,2,1,4,1,1,3,1,1,4,1,1,3,1,-9,-9,55,WI,,-9,-9,1
54932,54932,2,1,54932,2,2,1,1,1,1,1,1,1,1,1,1,1,1,-9,-9,55,WI,,-9,-9,4
54933,54933,7,2,54929,2,2,2,4,1,2,3,1,2,4,1,2,3,1,-9,-9,55,WI,,-9,-9,1
54934,54934,7.3,2,54923,2,2,2,3,1,1,2,1,2,3,1,1,2,1,-9,-9,55,WI,,-9,-9,1
54935,54935,1,1,54935,-1,-1,0,-1,1,0,-1,1,0,-1,1,0,-1,1,-9,-9,55,WI,,-9,-9,5
54936,54936,1,2,54935,-1,-1,0,-1,1,0,-1,1,0,-1,1,0,-1,1,-9,-9,55,WI,,-9,-9,1
54937,54937,1,1,54937,-1,-1,0,-1,1,0,-1,1,0,-1,1,0,-1,1,-9,-9,55,WI,,-9,-9,5
54940,54940,2,1,54940,2,2,1,3,1,1,2,1,1,3,1,1,2,1,-9,-9,55,WI,,-9,-9,5
54941,54941,10.6,1,54941,2,2,2,2,2,1,1,2,2,2,2,1,1,2,-9,-9,55,WI,,-9,-9,5
54942,54942,1,1,54942,-1,-1,0,-1,1,0,-1,1,0,-1,1,0,-1,1,-9,-9,55,WI,,-9,-9,5
54943,54943,10,1,54943,2,2,3,1,2,3,1,2,3,1,2,3,1,2,-9,-9,55,WI,,-9,-9,5
54944,54944,2,1,54944,2,2,1,4,1,1,3,1,1,4,1,1,3,1,-9,-9,55,WI,,-9,-9,5
54945,54945,10,1,54945,2,2,3,2,2,3,1,2,3,2,2,3,1,2,-9,-9,55,WI,,-9,-9,5
54946,54946,7,2,54981,2,2,2,2,2,2,1,2,2,2,2,2,1,2,-9,-9,55,WI,,-9,-9,1
54947,54947,2,1,54947,2,2,1,4,1,1,3,1,1,4,1,1,3,1,-9,-9,55,WI,,-9,-9,5
54948,54948,10.6,1,54948,2,2,3,4,1,2,3,1,3,4,1,2,3,1,-9,-9,55,WI,,-9,-9,3
54949,54949,10,1,54949,2,2,2,3,1,1,2,1,2,3,1,1,2,1,-9,-9,55,WI,,-9,-9,5
54950,54950,10.6,1,54950,2,2,3,4,1,2,2,1,3,4,1,2,2,1,-9,-9,55,WI,,-9,-9,5
54952,54952,1,1,54952,-1,-1,0,-1,1,0,-1,1,0,-1,1,0,-1,1,-9,-9,55,WI,,-9,-9,5
54956,54956,1,1,54956,-1,-1,0,-1,1,0,-1,1,0,-1,1,0,-1,1,-9,-9,55,WI,,-9,-9,5
54957,54957,1,2,54956,-1,-1,0,-1,1,0,-1,1,0,-1,1,0,-1,1,-9,-9,55,WI,,-9,-9,1
54960,54960,10,1,54960,2,2,3,3,1,2,2,1,3,3,1,2,2,1,-9,-9,55,WI,,-9,-9,5
54961,54961,7.1,1,54961,2,2,1,3,1,1,3,1,1,3,1,1,3,1,-9,-9,55,WI,,-9,-9,5
54962,54962,10,1,54962,2,2,3,3,2,2,2,2,3,3,2,2,2,2,-9,-9,55,WI,,-9,-9,5
54963,54963,2,1,54963,2,2,1,3,1,1,3,1,1,3,1,1,3,1,-9,-9,55,WI,,-9,-9,5
54964,54964,2,1,54964,2,2,1,2,1,1,1,1,1,2,1,1,1,1,-9,-9,55,WI,,-9,-9,4
54965,54965,3,1,54965,2,2,2,3,1,2,2,1,2,3,1,2,2,1,-9,-9,55,WI,,-9,-9,5
54966,54966,10.5,1,54966,2,2,3,1,2,3,1,2,3,1,2,3,1,2,-9,-9,55,WI,,-9,-9,5
54967,54967,3,1,54967,2,2,2,3,1,1,3,1,2,3,1,1,3,1,-9,-9,55,WI,,-9,-9,3
54968,54968,10.6,1,54968,2,2,3,2,2,2,2,2,3,2,2,2,2,2,-9,-9,55,WI,,-9,-9,5
54969,54969,2,2,54940,2,2,1,3,1,1,2,1,1,3,1,1,2,1,-9,-9,55,WI,,-9,-9,1
54970,54970,3,1,54970,2,2,2,3,1,1,3,1,2,3,1,1,3,1,-9,-9,55,WI,,-9,-9,5
54971,54971,7,1,54971,2,2,2,1,2,1,1,1,2,1,2,1,1,1,-9,-9,55,WI,,-9,-9,5
54974,54974,2,1,54974,2,2,1,1,2,1,1,2,1,1,2,1,1,2,-9,-9,55,WI,,-9,-9,5
54975,54975,7.1,2,54961,2,2,1,3,1,1,3,1,1,3,1,1,3,1,-9,-9,55,WI,,-9,-9,1
54976,54976,10,2,54984,2,2,3,2,2,2,2,2,3,2,2,2,2,2,-9,-9,55,WI,,-9,-9,1
54977,54977,10,1,54977,2,2,3,2,2,2,1,2,3,2,2,2,1,2,-9,-9,55,WI,,-9,-9,5
54978,54978,10.6,1,54978,2,2,3,4,1,2,3,1,3,4,1,2,3,1,-9,-9,55,WI,,-9,-9,2
54979,54979,2,1,54979,2,2,1,2,1,1,1,1,1,2,1,1,1,1,-9,-9,55,WI,,-9,-9,5
54980,54980,2,2,54963,2,2,1,3,1,1,3,1,1,3,1,1,3,1,-9,-9,55,WI,,-9,-9,1
54981,54981,7,1,54981,2,2,2,2,2,2,1,2,2,2,2,2,1,2,-9,-9,55,WI,,-9,-9,5
54982,54982,10,1,54982,2,2,2,2,1,2,2,1,2,2,1,2,2,1,-9,-9,55,WI,,-9,-9,5
54983,54983,10.6,1,54983,2,2,2,2,1,1,2,1,2,2,1,1,2,1,-9,-9,55,WI,,-9,-9,5
54984,54984,10,1,54984,2,2,3,2,2,2,2,2,3,2,2,2,2,2,-9,-9,55,WI,,-9,-9,5
54985,54985,1,2,54902,-1,-1,0,-1,1,0,-1,1,0,-1,1,0,-1,1,-9,-9,55,WI,,-9,-9,1
54986,54986,2,1,54986,2,2,1,4,1,1,3,1,1,4,1,1,3,1,-9,-9,55,WI,,-9,-9,5
54990,54990,10,2,54945,2,2,3,2,2,3,1,2,3,2,2,3,1,2,-9,-9,55,WI,,-9,-9,1